colonia_oficial,gentrif_map_score_mean,gentrif_local_mean,price_m2_median,marginalidad_mean,score_15min_mean,n_registros,lat_centroide,lon_centroide,cat_mean_vus_200m_col,cat_mean_antiguedad_200m_col,cat_mean_ratio_construccion_200m_col,gentrification_index_alcaldia
15 de agosto,0.7449713574673534,0.4904750873641068,33333.333333333336,1.0,0.3695652173913043,1,19.4846368,-99.1080907,2632.07,38.84710743801653,1.6840187194729868,0.829803447501769
51 legislatura,0.7711183088541288,0.5950628929112082,40000.0,1.0,0.5380434782608695,1,19.48326,-99.0938507,2620.6089622641507,45.01729559748428,2.5390112106725007,0.829803447501769
7 de noviembre,0.7422607708294876,0.4796327408126434,38095.23809523809,3.0,0.8804347826086957,5,19.46227634,-99.1243107,2822.5932689992924,50.65452628024243,2.113717130333881,0.829803447501769
acueducto de guadalupe (rdcial),0.7455300242317987,0.49270975442188764,25306.102040816328,5.0,0.3733277591973244,13,19.522693738461538,-99.14764017692308,3393.3315080370594,40.61962560967916,1.7212030757342878,0.829803447501769
acueducto de guadalupe (u hab),0.7582753257783081,0.5436909606079255,29294.117647058825,3.0,0.3695652173913043,1,19.5253061,-99.1496944,3688.8237620578775,49.23231511254019,2.415432348035712,0.829803447501769
aidee solis cardenas-matias romero (u hab),0.7651013448107451,0.5709950367376733,35020.24291497975,2.0,0.25,1,19.5339758,-99.1471334,1343.6636143308747,33.072708113804005,1.6966997117930787,0.829803447501769
aragon inguaran,0.7346834206699489,0.44932334017448833,25714.285714285714,3.0,0.5163043478260869,1,19.4721754,-99.1074797,2150.4199999999996,50.070028011204485,1.5374258275032302,0.829803447501769
aragon la villa (aragon),0.7512402136409655,0.5155505120585551,38188.97637795276,2.0,0.6498447204968943,7,19.481208014285716,-99.11731617142857,2863.6305429981244,48.85104159813392,1.703787733868758,0.829803447501769
belisario dominguez,0.7468873320561324,0.4981389857192224,27829.143389199256,3.0,0.657608695652174,2,19.462891,-99.109876,2150.4199999999996,48.666666666666664,2.1783830339323513,0.829803447501769
bondojito,0.7412875558073646,0.47573988072415097,29637.9463295631,2.0,0.5923913043478262,2,19.46548765,-99.1110434,2150.4199999999996,30.259414591524685,3.21880565764139,0.829803447501769
c t m aragon (u),0.7605565461921633,0.5528158422633459,34029.850746268654,1.0,0.358695652173913,1,19.4536334,-99.0561139,2423.4399999999996,39.50598086124402,1.6278466174118655,0.829803447501769
c t m aragon ampliacion (u),0.7195493269855578,0.3887869654369243,17777.777777777777,1.0,0.32065217391304346,1,19.4558726,-99.053896,2423.4400000000005,39.13087934560327,1.6480323352975077,0.829803447501769
camino a san juan de aragon (pblo),0.7324704055394384,0.44047127965244665,24878.63827669903,4.0,0.40217391304347827,2,19.4658938,-99.086824,2612.6781395348835,38.01550387596899,1.3356589024143188,0.829803447501769
campestre aragon i,0.7538914796615652,0.526155576140954,29628.712871287127,5.0,0.21739130434782608,1,19.4845996,-99.0770254,2216.2552054794523,39.23972602739726,1.0938131916464369,0.829803447501769
campestre aragon ii,0.7249111147853857,0.410234116636236,20000.0,5.0,0.2391304347826087,1,19.4856,-99.0797574,2215.560000000001,34.09871244635193,1.6142497814977161,0.829803447501769
capultitlan,0.7670997048561295,0.5789884769192111,43965.51724137931,2.0,0.6195652173913043,1,19.4783568,-99.1336761,2833.73,19.455026455026456,3.4176160389597885,0.829803447501769
casas aleman (ampl) i,0.7431093483692122,0.48302705097154164,27419.354838709678,2.0,0.2903726708074534,7,19.476623985714287,-99.08123211428571,2164.1383702213284,44.59944556506685,1.365170575513463,0.829803447501769
cerro prieto,0.73844222478631,0.46435855663993325,26642.33576642336,3.0,0.5,3,19.4529212,-99.09734910000002,2150.42,46.97712418300654,1.7032157032432353,0.829803447501769
churubusco tepeyac,0.7233943662935424,0.40416712266886234,24226.80412371134,3.0,0.6086956521739131,1,19.4883345,-99.1360549,3697.1294724220616,50.354916067146284,1.7408368183951612,0.829803447501769
constitucion de la republica,0.7452618557750443,0.49163708059487043,31488.156177156176,2.0,0.49184782608695654,2,19.48118985,-99.0996253,2632.07,33.127403788152975,1.9978722408435048,0.829803447501769
ctm atzacoalco (u hab),0.7236962954712608,0.40537483937973606,24273.858921161827,4.0,0.3423913043478261,1,19.5079707,-99.1051266,1754.9263693270739,41.95148669796557,1.1265867892151429,0.829803447501769
ctm el risco (u hab),0.6957003677046146,0.29339112831315123,14864.864864864865,0.0,0.5,2,19.5114865,-99.0957625,1861.5700000000002,46.23746701846966,1.833802087229685,0.829803447501769
cuautepec el alto (pblo),0.7341584415798775,0.447223423814203,26927.083333333336,4.0,0.31929347826086957,4,19.557831475,-99.13510942500001,941.6523705179283,39.788880193511666,0.8417924364499528,0.829803447501769
cuchilla la joya,0.7347588270617552,0.44962496574171357,23437.5,4.0,0.6630434782608695,3,19.460573,-99.1095538,2150.419999999999,48.90736842105263,1.6709833144690573,0.829803447501769
defensores de la republica,0.777745699296319,0.6215724546799689,45652.19565217391,1.0,0.625,1,19.4762147,-99.1446777,2833.7300000000005,43.120996441281136,1.8805985171087194,0.829803447501769
del obrero,0.7444915157429519,0.4885557204665004,37790.39795918367,4.0,0.6358695652173914,2,19.500168549999998,-99.0920967,2079.2958018389627,40.313274469364956,1.514502058001091,0.829803447501769
dm nacional,0.7503746745835403,0.5120883558288539,31539.473684210527,1.0,0.5661231884057971,6,19.476313533333332,-99.09606723333333,2481.826367818938,23.455608475335087,2.161301743610201,0.829803447501769
ejidos san juan de aragon 1a seccion (u hab),0.7532817379036069,0.5237166091091199,32352.941176470587,1.0,0.48007246376811596,3,19.46941573333333,-99.09189126666666,2424.1675935828866,33.77627263863858,1.5383669561630875,0.829803447501769
el arbolillo,0.7765520629426885,0.6167979092654472,43750.0,1.0,0.16847826086956522,1,19.5364748,-99.1413736,1024.2923809523809,36.03663003663004,1.0109560822014396,0.829803447501769
el arbolillo 1 (u hab),0.7366635764274866,0.4572439632046391,22932.1231884058,2.0,0.29891304347826086,2,19.53160585,-99.148467,1940.22896373057,52.093942402277435,2.9387055231522927,0.829803447501769
el arbolillo 2 (u hab),0.7547137988593604,0.5294448529321347,30714.096153846152,4.0,0.1956521739130435,1,19.5351421,-99.1446075,1292.68,56.505405405405405,0.7313468992248061,0.829803447501769
el arbolillo 3 (u hab),0.7426277590330763,0.4811006936269981,25961.53846153846,1.0,0.1793478260869565,1,19.5377176,-99.1438737,1267.6449065071056,31.024682124158563,1.4439069543525787,0.829803447501769
el coyol (u hab),0.7311939026196004,0.43536526797309416,22735.431235431235,2.0,0.5570652173913044,2,19.4896903,-99.08871255,2381.174192982456,39.94855687606112,1.1739826904201431,0.829803447501769
el olivo,0.7358304273246169,0.4539113667931605,21929.201244813277,1.0,0.35190217391304346,4,19.473142324999998,-99.087567275,2279.440389186078,44.10446573672806,2.2981435929584455,0.829803447501769
emiliano zapata (ampl),0.7366240223627654,0.4570857469457545,24090.909090909092,2.0,0.6847826086956522,1,19.4640799,-99.1057341,2150.4199999999996,49.095238095238095,1.9372523088409008,0.829803447501769
estanzuela,0.7577182860839127,0.5414628018303438,33333.333333333336,4.0,0.3641304347826087,1,19.4904707,-99.1116816,2366.730458515284,37.9235807860262,1.8692664581774883,0.829803447501769
estrella,0.7421870855615492,0.47933799974088986,27795.03105590062,2.0,0.708498023715415,11,19.47432519090909,-99.11736789999999,3003.6863353379067,49.024495970211866,2.0005114647409354,0.829803447501769
fernando casas aleman,0.6999176395074408,0.31026021552445593,14105.960264900663,2.0,0.43478260869565216,1,19.4524617,-99.095663,2211.0691666666667,47.32471264367816,1.7006795212197943,0.829803447501769
ferrocarrilera insurgentes,0.7190154739391053,0.38665155325111394,17857.14285714286,2.0,0.5597826086956522,1,19.4821229,-99.0927692,2621.280183908046,24.998850574712645,2.0161787922893835,0.829803447501769
fovissste cuchilla (u hab),0.753008814264147,0.522624914551281,29629.62962962963,1.0,0.34782608695652173,1,19.4725481,-99.087395,2310.0712463768114,44.80724637681159,2.708715560020597,0.829803447501769
gabriel hernandez,0.7066831561852605,0.3373222822357345,20075.757575757576,4.0,0.1793478260869565,1,19.4994284,-99.1032894,1557.35,33.923809523809524,0.763616807911919,0.829803447501769
gabriel hernandez (ampl) i,0.7574415368842196,0.5403558050315712,40431.266846361184,4.0,0.7010869565217391,1,19.5040707,-99.0943649,1772.0864203233257,33.78290993071594,3.60849926752127,0.829803447501769
granjas modernas-san juan de aragon (ampl),0.7416716746155905,0.47727635595705453,27672.22222222222,2.0,0.46127717391304346,8,19.4795650125,-99.103930475,2423.9233344312483,34.37635007203389,1.8116788778807738,0.829803447501769
guadalupe insurgentes,0.7519113181463385,0.5182349300800471,45569.620253164554,2.0,0.7104037267080745,7,19.473306385714288,-99.13242454285715,3610.260205873606,45.39320773432417,2.2573619257253297,0.829803447501769
guadalupe proletaria,0.7255367242844761,0.4127365546325972,17000.0,5.0,0.32608695652173914,1,19.5248273,-99.1579753,2192.9214035087716,38.35087719298246,1.3354210186952173,0.829803447501769
guadalupe proletaria (ampl),0.724214332417141,0.4074469871632566,16800.0,4.0,0.32608695652173914,1,19.5217615,-99.1519851,2128.0825885558584,41.53405994550409,1.4256665329847005,0.829803447501769
guadalupe tepeyac,0.743824780662668,0.48588878014536446,35714.27976190476,2.0,0.7487458193979932,26,19.46773981923077,-99.1199316846154,2967.278806724517,39.38298216441629,2.8230310812116803,0.829803447501769
guadalupe victoria ii,0.7444137009494569,0.48824446129252075,32714.285714285714,3.0,0.8333333333333334,3,19.4705752,-99.1391471,3092.4874747082017,34.834867969152555,2.9640587463295844,0.829803447501769
heroe de nacozari,0.7322909551824818,0.4397534782246196,22000.0,3.0,0.8315217391304349,3,19.4728505,-99.1452223,2943.749663461538,41.94230769230769,1.8451109916141364,0.829803447501769
heroes de chapultepec,0.7211376702211048,0.39514033837911167,17605.6338028169,1.0,0.5108695652173914,1,19.4741462,-99.0915049,2444.6199999999994,38.399293286219084,1.0855986987493211,0.829803447501769
industrial i,0.741291805774278,0.4757568805918047,28571.428571428572,2.0,0.7735507246376812,9,19.47299647777778,-99.1250334,3598.245138624826,48.33684921090064,1.7853110335797224,0.829803447501769
industrial ii,0.7539679760333284,0.5264615616280066,39595.1536643026,2.0,0.625,2,19.47630195,-99.12825985,3405.0199999999995,51.79107913187903,1.6039645341206987,0.829803447501769
jorge negrete,0.7439511607845884,0.4863943006330466,25942.118226600986,3.0,0.33559782608695654,4,19.524865875,-99.142043,1520.1365433305837,35.38304210032986,1.3080164635400828,0.829803447501769
juan de dios batiz (u hab),0.7273449680292611,0.41996952961173745,27354.2600896861,1.0,0.40217391304347827,3,19.503612399999998,-99.1300169,3411.9379439608906,44.13135408855822,3.072111451215715,0.829803447501769
juan gonzalez romero,0.7531236385769209,0.5230842118023763,38490.45138888889,3.0,0.6793478260869565,2,19.5039724,-99.0933276,1796.8451380552222,33.644657863145255,3.6567385745969077,0.829803447501769
la candelaria ticoman (barr),0.7758752450627897,0.6140906377458515,48666.666666666664,4.0,0.33152173913043476,1,19.5190987,-99.1363969,1357.7973548387092,25.746236559139785,1.8925432640974478,0.829803447501769
la esmeralda i,0.730537687202972,0.4327404063065808,20833.333333333332,3.0,0.44565217391304346,1,19.4876185,-99.0863827,2745.5299999999993,35.29626078619367,1.8460334417681126,0.829803447501769
la esmeralda ii,0.7543023806189643,0.5277991799705499,30681.81818181818,2.0,0.44021739130434784,1,19.4870554,-99.0860933,2745.5299999999993,31.513215859030836,1.5671783846618659,0.829803447501769
la esmeralda iii,0.7408204579181688,0.473871489167368,24666.666666666668,2.0,0.358695652173913,1,19.4856846,-99.0853431,2745.5299999999997,54.72050209205021,3.138100678183555,0.829803447501769
la laguna ticoman (barr),0.7386528840327325,0.4652011936256231,33971.29186602871,2.0,0.24456521739130435,1,19.5128075,-99.1256184,3254.6361892583122,56.1764705882353,2.2729710404699337,0.829803447501769
la patera-condomodulos (u hab),0.7462627030361837,0.4956404696394275,39325.0,2.0,0.17391304347826086,8,19.5049574,-99.1536746,4574.498857938719,46.55849582172702,3.4155619026826027,0.829803447501769
la pradera,0.7205742258045328,0.3928865607128241,18333.643175032394,1.0,0.2608695652173913,2,19.4760978,-99.06833954999999,2258.1991644204854,42.52027357231025,1.1383079096930135,0.829803447501769
la purisima ticoman (barr),0.7399161147417435,0.4702541164616666,29486.554373522456,1.0,0.3940217391304348,2,19.5151006,-99.13939015,2764.803662101827,39.83538098531386,1.3104359898942055,0.829803447501769
lindavista i,0.7462193846639948,0.4954671961506725,36568.62745098039,2.0,0.5110785953177257,26,19.490328034615384,-99.13292289615384,4217.353848957737,45.55640973681362,1.883456381350263,0.829803447501769
lindavista ii,0.7481692364549861,0.5032666033146374,39111.11111111111,1.0,0.38768115942028986,33,19.502043448484848,-99.13757559393939,4349.9646396064,37.82730177287048,1.5257619444201589,0.829803447501769
magdalena de las salinas,0.7702770523379914,0.5916978668466584,40000.0,2.0,0.4891304347826087,1,19.4790329,-99.1480358,2833.73,40.79044117647059,2.0372442280390706,0.829803447501769
malacates (ampl),0.7779752304288473,0.6224905792100821,46923.07692307692,4.0,0.0,1,19.5759934,-99.1282341,606.4359615384616,29.48076923076923,0.6373331443160141,0.829803447501769
martires de rio blanco (ampl),0.7450075921502795,0.4906200260958107,26472.491909385113,3.0,0.6875,2,19.4612955,-99.105872,2150.4199999999996,49.32835893854749,1.7266005590828577,0.829803447501769
nueva atzacoalco i,0.7668238090809453,0.5778848938184741,48250.0,5.0,0.5271739130434783,1,19.5045678,-99.0874159,1814.3621468926553,41.76553672316384,1.1984066525179997,0.829803447501769
nueva atzacoalco ii,0.7438762396614349,0.48609461614043264,32000.0,5.0,0.5739130434782609,5,19.49955112,-99.08658202000001,1971.0386539682543,41.63694416950768,1.203785062735939,0.829803447501769
nueva atzacoalco iii,0.7314255196948591,0.43629173627412954,21666.666666666668,4.0,0.5543478260869564,5,19.49354362,-99.0911732,2045.258062650603,38.4178083763626,1.3948522739553524,0.829803447501769
nueva industrial vallejo (fracc),0.7410495070413605,0.47478768566013535,30359.81588953372,1.0,0.2080745341614907,14,19.511350714285715,-99.15322235714287,4905.032240231549,32.674597230157254,1.7282553724924303,0.829803447501769
nueva tenochtitlan,0.711035027608572,0.35472976792898103,15536.315536315537,4.0,0.6521739130434783,2,19.455675300000003,-99.1021821,2158.6949295774643,47.963124199743916,1.568636925891413,0.829803447501769
palmatitla,0.7732343381662016,0.603527010159499,41632.65306122449,4.0,0.2554347826086957,1,19.5509176,-99.136275,1018.3199999999999,38.26829268292683,0.8765866291083831,0.829803447501769
panamericana,0.7118915911907838,0.35815602225782817,16666.666666666668,2.0,0.6413043478260869,3,19.4805738,-99.14363983333332,3209.5064647661043,44.23788949202672,1.8674459462483,0.829803447501769
parque metropolitano,0.7028371460291302,0.3219382416112137,14285.714285714286,4.0,0.11413043478260869,1,19.5682242,-99.1310044,711.6962132352941,29.977941176470587,0.7368945415417791,0.829803447501769
pemex lindavista (u hab),0.741930014477172,0.47830971540338096,31200.0,1.0,0.3695652173913043,1,19.5055014,-99.1353444,3007.074541884817,40.86649214659686,3.2815471161997785,0.829803447501769
planetario lindavista,0.7563763474958374,0.5360950474780423,35882.35294117647,3.0,0.391304347826087,1,19.495379,-99.141747,3558.8150961538454,40.92307692307692,1.8274596420896558,0.829803447501769
progreso nacional (ampl),0.7631628708519292,0.5632411409024095,27992.934782608696,4.0,0.21467391304347827,6,19.51775845,-99.16211996666668,2363.049421101774,39.80293036512851,1.4875715156100522,0.829803447501769
progreso nacional ii,0.7414814112668693,0.4765153025621699,27083.333333333336,1.0,0.2866847826086957,4,19.518654050000002,-99.15372745,2468.235762288787,37.435332588558396,1.56575227894406,0.829803447501769
providencia (ampl),0.7300826272149635,0.4309201663545473,15625.0,5.0,0.22826086956521738,3,19.4785468,-99.070034,2222.81,42.42467948717949,1.2068861219577633,0.829803447501769
providencia i,0.7754085008755739,0.6122236609969887,39068.62745098039,5.0,0.20108695652173914,3,19.4823184,-99.0759029,2220.4390540540544,39.96756756756757,1.155477809197816,0.829803447501769
providencia ii,0.7112189564195078,0.35546548317272425,16291.56010230179,5.0,0.125,1,19.4827579,-99.0666077,2222.8100000000004,41.77070063694268,0.9933264291820411,0.829803447501769
residencial la escalera (fracc),0.7297710032626734,0.42967367054538663,28445.51282051282,1.0,0.375,2,19.509572650000003,-99.13836015,2981.7200000000003,39.58004310195902,2.0329967775900877,0.829803447501769
residencial zacatenco,0.7493101151299579,0.5078301180145245,44615.38461538462,2.0,0.42536231884057973,15,19.503695686666667,-99.12374582666666,2559.4468180100034,38.79804287856417,1.5407571392375996,0.829803447501769
rosas del tepeyac,0.714573203191845,0.368882470262073,16500.0,3.0,0.592391304347826,1,19.4888349,-99.1170112,2923.4940234375,40.859375,1.5051135837161218,0.829803447501769
san bartolo atepehuacan (pblo),0.7441802721408303,0.4873107460580137,28594.771241830065,1.0,0.46135265700483097,9,19.49393541111111,-99.14185948888888,3408.3464032760166,39.997446668218466,2.006582640398845,0.829803447501769
san felipe de jesus iii,0.7204145696875247,0.3922479362447917,19006.57894736842,5.0,0.19972826086956522,4,19.500532375,-99.074048,2149.0400000000004,34.07657607895125,1.0672656532930054,0.829803447501769
san juan de aragon (pblo),0.7611675840711053,0.555259993779114,32692.30769230769,4.0,0.33695652173913043,1,19.4707656,-99.0862927,2444.6199999999994,39.96052631578947,2.27032446615945,0.829803447501769
san juan de aragon 1a seccion (u hab) i,0.7612068081309353,0.5554168900184344,39937.58823529412,3.0,0.4014945652173913,8,19.458209450000002,-99.0918075125,2878.2099999999996,44.4467376210314,1.023586346750599,0.829803447501769
san juan de aragon 1a seccion (u hab) ii,0.7178200831422786,0.38186999006380756,20312.5,3.0,0.4076086956521739,1,19.4606085,-99.0893813,2878.2099999999996,44.075,1.0489000838902747,0.829803447501769
san juan de aragon 2a seccion (u hab) i,0.7421185592358546,0.47906389443811126,30000.0,2.0,0.5021739130434784,5,19.451018819999998,-99.08748018,2878.2099999999996,43.35703504285279,1.0307169574982165,0.829803447501769
san juan de aragon 3a seccion (u hab) i,0.739781344495266,0.46971503547575694,27521.929824561405,2.0,0.5625,2,19.451986650000002,-99.07643955,2905.1099999999997,44.390454545454546,0.9242861830818875,0.829803447501769
san juan de aragon 3a seccion (u hab) ii,0.7129045616117036,0.3622079039415073,16189.18918918919,2.0,0.4782608695652174,1,19.4506769,-99.068002,2878.1677297297297,41.74864864864865,1.0747437513035627,0.829803447501769
san juan de aragon 4a  y 5a seccion (u hab) i,0.7674532588588094,0.5804026929299309,38437.5,2.0,0.5543478260869565,2,19.4520175,-99.0634767,2824.4524197798896,38.49367594860771,1.2058759214433996,0.829803447501769
san juan de aragon 4a  y 5a seccion (u hab) ii,0.7450430124758238,0.490761707397988,25395.490408106052,2.0,0.5905797101449276,6,19.461276716666664,-99.06140015,2806.361666666666,37.785476236167085,0.9156210982286231,0.829803447501769
san juan de aragon 6a seccion (u hab) i,0.7321338317921969,0.43912498466348043,20479.26267281106,1.0,0.5869565217391305,1,19.4697938,-99.0707373,2819.599999999999,40.19156414762742,1.1327348263483306,0.829803447501769
san juan de aragon 6a seccion (u hab) ii,0.7597806003401565,0.549712058855319,28571.428571428572,2.0,0.5144927536231885,3,19.466863633333332,-99.0631545,2741.3187832061217,39.28803103947926,1.1010646817267664,0.829803447501769
san juan de aragon 7 secc (u hab) i,0.7352406113504586,0.4515521028965275,22418.98148148148,5.0,0.3233695652173913,2,19.4752558,-99.07527575,2464.265225,41.713846153846156,1.0310560634979369,0.829803447501769
san juan de aragon 7 secc (u hab) ii,0.7366681091236624,0.4572620939893426,26379.310344827587,1.0,0.5271739130434783,3,19.4705793,-99.072308,2819.599999999999,40.996074360235646,1.116001927211528,0.829803447501769
san juan y guadalupe ticoman (barr),0.7605990760782474,0.5529859618076824,43780.0,3.0,0.15217391304347827,3,19.518942600000003,-99.12940406666667,1393.635974842767,42.68299028016009,0.9599801535317959,0.829803447501769
san pedro zacatenco (pblo),0.7379272049592436,0.4622984773316669,39120.68655462185,2.0,0.41521739130434787,10,19.50460607,-99.12208794,2351.9333988021544,39.39931354928963,1.509241994529284,0.829803447501769
santa isabel tola (pblo),0.7434500723135564,0.48438994674891866,34892.771929824565,2.0,0.4138586956521739,20,19.495535240000002,-99.11629507,2620.8225,40.65207192707477,1.168064071296746,0.829803447501769
santa rosa,0.7445187001995329,0.4886644582928245,24353.74149659864,4.0,0.23641304347826086,2,19.5223679,-99.16627795,2113.2764285714293,41.56472916269311,1.3295319613553307,0.829803447501769
santiago atepetlac,0.7354774245689543,0.4524993557705102,18837.28813559322,5.0,0.30434782608695654,6,19.523511533333334,-99.15992036666667,2221.737777777778,38.751964085297416,1.3272900158089305,0.829803447501769
santiago atepetlac (la selvita) (u hab),0.7356318789357036,0.4531171732375075,19892.47311827957,3.0,0.3641304347826087,3,19.5194858,-99.147971,2358.341775544389,31.55276381909548,1.9674752119533057,0.829803447501769
santiago atzacoalco (pblo),0.7586992223717006,0.5453865469814955,41632.65306122449,3.0,0.6322463768115941,6,19.500609400000002,-99.09477716666667,2048.2053574678334,31.887224858434166,3.05210622796697,0.829803447501769
siete maravillas,0.7497886993641821,0.5097444549514214,35225.70442783208,1.0,0.375,2,19.5132818,-99.14175195,3017.278352192362,38.75318379799093,2.089827722418087,0.829803447501769
solidaridad nacional,0.7399969051620766,0.4705772781429993,23507.462686567163,2.0,0.14673913043478262,1,19.5337832,-99.1536919,986.9400000000003,30.171206225680933,1.3930419043783668,0.829803447501769
tablas de san agustin,0.7476170598350148,0.5010578968347518,40620.0,3.0,0.5978260869565217,5,19.4634243,-99.1124864,2150.4199999999996,47.74820143884892,2.2802110859138462,0.829803447501769
tepeyac insurgentes,0.7479513543722947,0.5023950749838715,29649.35064935065,2.0,0.6847826086956522,12,19.482107933333335,-99.12065723333332,3603.791706482872,48.468014025943624,1.8820800121925119,0.829803447501769
tlacaelel,0.7568583025600463,0.5380228677348777,27997.647058823528,3.0,0.19384057971014493,3,19.556788233333336,-99.14318373333333,722.0065382014874,32.822822700384954,0.9581314936847459,0.829803447501769
tlalpexco,0.7287949073056663,0.4257692867173585,23034.188034188035,4.0,0.06521739130434782,2,19.545843050000002,-99.12635614999999,732.2733404710922,35.07740688389363,0.7694712315798278,0.829803447501769
torres lindavista (fracc),0.748343816192432,0.5039649222644209,37818.181818181816,1.0,0.3299689440993789,7,19.5096721,-99.14506878571429,4724.629291282328,33.33417996775323,1.4973009788742722,0.829803447501769
tres estrellas,0.7431037820000136,0.48300478549474746,28474.57627118644,2.0,0.3783967391304348,8,19.47217495,-99.1113245625,2164.7431414025705,49.26582568746452,1.7373132641975932,0.829803447501769
valle de madero,0.7272087988717187,0.419424852981568,20490.196078431374,4.0,0.22826086956521738,1,19.5514649,-99.1392712,939.839543147208,38.32233502538071,0.8844642899385174,0.829803447501769
valle del tepeyac,0.7428395091412687,0.4819476940597676,28089.887640449437,2.0,0.6358695652173914,5,19.4882086,-99.1413194,3264.448546256394,44.50627514665445,1.8837850701668706,0.829803447501769
vallejo i,0.7353431056158192,0.45196207995796955,22152.168615984403,2.0,0.890625,8,19.468580925,-99.1338257375,4174.612119163297,38.12893374208476,2.7483257054017307,0.829803447501769
vallejo ii,0.7365590057245562,0.45682568039291793,27835.249042145595,3.0,0.8980978260869565,4,19.46710785,-99.12783765,4319.781815042377,40.25905585126607,2.2894156855322976,0.829803447501769
vallejo poniente,0.752998212100074,0.5225825058949891,30564.784053156145,3.0,0.9521739130434783,5,19.467517100000002,-99.14240480000001,2833.4153241852487,29.62669023343288,3.4533052963312185,0.829803447501769
vasco de quiroga,0.7535666367134141,0.5248562043483492,34693.87755102041,4.0,0.5054347826086957,1,19.4919775,-99.0960219,2594.4088310129623,21.164426308209315,2.7836624770282996,0.829803447501769
villa de aragon (fracc),0.7426855637441824,0.481331912471423,19031.14186851211,2.0,0.3351449275362319,3,19.46829526666667,-99.06042873333332,2612.9656314808585,35.24808052282793,1.3489727665019593,0.829803447501769
villa gustavo a madero,0.7458555856916591,0.4940120002613292,28735.632183908045,1.0,0.5656354515050167,13,19.484508123076925,-99.11561031538461,3176.9613977407867,43.29176342977943,2.193409446809865,0.829803447501769
zona escolar i,0.746653715624008,0.49720451999072457,28142.857142857145,2.0,0.11141304347826086,2,19.54197085,-99.15228475,1018.32,30.85843081887858,1.0986465511065697,0.829803447501769
