entidad,nom_mun,nom_loc,longitud,latitud,pobtot,p18ym_pb,vph_inter,vph_pc,vph_autom,vph_telef,vph_lavad,vph_snbien,graproes,pea,prom_ocup,pder_ss,nom_mun_norm,pct_internet,pct_educ_sup
9,Total del Distrito Federal,Total de la Entidad,,,8851080,3394773.0,936648.0,1171631.0,1110374.0,1715772.0,1854623.0,6250.0,10.54,4035075.0,3.6,5644901.0,TOTAL DEL DISTRITO FEDERAL,10.58230182079475,38.35433641996231
9,Total del Distrito Federal,Localidades de una vivienda,,,219,48.0,6.0,11.0,21.0,13.0,25.0,3.0,0.0,102.0,0.0,94.0,TOTAL DEL DISTRITO FEDERAL,2.73972602739726,21.91780821917808
9,Total del Distrito Federal,Localidades de dos viviendas,,,340,71.0,7.0,17.0,52.0,23.0,40.0,3.0,0.0,145.0,0.0,152.0,TOTAL DEL DISTRITO FEDERAL,2.0588235294117645,20.88235294117647
9,Azcapotzalco,Total del Municipio,,,414711,174295.0,47225.0,60003.0,52913.0,86750.0,93517.0,147.0,10.8,187402.0,3.55,301040.0,AZCAPOTZALCO,11.387448126526666,42.02806291610302
9,Azcapotzalco,Azcapotzalco,-99.18333333333334,19.482777777777777,414711,174295.0,47225.0,60003.0,52913.0,86750.0,93517.0,147.0,10.8,187402.0,3.55,301040.0,AZCAPOTZALCO,11.387448126526666,42.02806291610302
9,Coyoacán,Total del Municipio,,,620416,296210.0,90947.0,106537.0,100606.0,141149.0,144710.0,247.0,11.66,286899.0,3.44,411833.0,COYOACAN,14.659035227976066,47.743771920775735
9,Coyoacán,Coyoacán,-99.16166666666668,19.35,620416,296210.0,90947.0,106537.0,100606.0,141149.0,144710.0,247.0,11.66,286899.0,3.44,411833.0,COYOACAN,14.659035227976066,47.743771920775735
9,Cuajimalpa de Morelos,Total del Municipio,,,186391,63588.0,20272.0,23754.0,24540.0,33291.0,36004.0,131.0,10.22,84664.0,3.92,123175.0,CUAJIMALPA DE MORELOS,10.876061612416908,34.115381107456905
9,Cuajimalpa de Morelos,Cuajimalpa de Morelos,-99.28472222222221,19.374444444444446,160491,57278.0,18863.0,21756.0,22205.0,29708.0,31722.0,110.0,10.42,73367.0,3.88,106287.0,CUAJIMALPA DE MORELOS,11.753307039023996,35.689228679489815
9,Cuajimalpa de Morelos,Cruz Blanca,-99.32333333333332,19.31833333333333,581,83.0,15.0,26.0,35.0,46.0,75.0,0.0,7.69,265.0,4.24,336.0,CUAJIMALPA DE MORELOS,2.5817555938037864,14.285714285714285
9,Cuajimalpa de Morelos,San Lorenzo Acopilco,-99.32555555555555,19.328888888888887,23037,5827.0,1301.0,1836.0,2093.0,3293.0,3873.0,15.0,9.17,10061.0,4.19,15293.0,CUAJIMALPA DE MORELOS,5.647436732213396,25.294092112688283
9,Cuajimalpa de Morelos,La Venta,-99.31055555555555,19.334722222222222,531,113.0,37.0,45.0,51.0,83.0,92.0,0.0,8.78,229.0,4.32,333.0,CUAJIMALPA DE MORELOS,6.96798493408663,21.28060263653484
9,Cuajimalpa de Morelos,Puerto las Cruces (Monte las Cruces),-99.34805555555555,19.295833333333334,444,95.0,4.0,15.0,43.0,2.0,59.0,3.0,8.63,194.0,4.11,215.0,CUAJIMALPA DE MORELOS,0.9009009009009009,21.396396396396398
9,Cuajimalpa de Morelos,Teopazulco,-99.32416666666666,19.34638888888889,12,3.0,0.0,0.0,2.0,0.0,1.0,0.0,8.13,6.0,3.0,3.0,CUAJIMALPA DE MORELOS,0.0,25.0
9,Cuajimalpa de Morelos,Prolongación Constitución,-99.32666666666667,19.351944444444445,18,2.0,0.0,0.0,2.0,1.0,3.0,0.0,7.0,5.0,6.0,12.0,CUAJIMALPA DE MORELOS,0.0,11.11111111111111
9,Cuajimalpa de Morelos,Paraje Río Borracho,-99.32833333333333,19.35138888888889,51,10.0,1.0,1.0,2.0,7.0,5.0,1.0,7.82,19.0,4.64,12.0,CUAJIMALPA DE MORELOS,1.9607843137254901,19.607843137254903
9,Cuajimalpa de Morelos,La Bolsa (El Encinal),-99.30194444444444,19.338055555555556,17,7.0,4.0,5.0,5.0,4.0,5.0,0.0,11.5,8.0,3.4,17.0,CUAJIMALPA DE MORELOS,23.52941176470588,41.17647058823529
9,Cuajimalpa de Morelos,Rancho los Campesinos,-99.34416666666667,19.30388888888889,22,6.0,1.0,2.0,5.0,4.0,4.0,0.0,8.89,11.0,3.14,5.0,CUAJIMALPA DE MORELOS,4.545454545454546,27.27272727272727
9,Cuajimalpa de Morelos,Santa Rosa,-99.29638888888888,19.323055555555555,518,64.0,17.0,25.0,37.0,59.0,63.0,0.0,7.36,238.0,4.5,296.0,CUAJIMALPA DE MORELOS,3.2818532818532815,12.355212355212355
9,Cuajimalpa de Morelos,Paraje Cerro de los Padres,-99.31666666666666,19.363055555555558,11,0.0,0.0,0.0,0.0,0.0,0.0,0.0,0.0,0.0,0.0,0.0,CUAJIMALPA DE MORELOS,0.0,0.0
9,Cuajimalpa de Morelos,El Boji (San Jacinto),-99.31861111111111,19.363611111111112,51,4.0,0.0,1.0,6.0,4.0,5.0,1.0,7.68,23.0,3.64,30.0,CUAJIMALPA DE MORELOS,0.0,7.8431372549019605
9,Cuajimalpa de Morelos,Rancho Santa Laura,-99.32055555555556,19.343055555555555,61,28.0,11.0,12.0,16.0,16.0,16.0,0.0,12.0,25.0,3.81,49.0,CUAJIMALPA DE MORELOS,18.0327868852459,45.90163934426229
9,Cuajimalpa de Morelos,La Papa [Escuela Niños Héroes],-99.31277777777777,19.345,3,0.0,0.0,0.0,0.0,0.0,0.0,0.0,0.0,0.0,0.0,0.0,CUAJIMALPA DE MORELOS,0.0,0.0
9,Cuajimalpa de Morelos,La Troje,-99.31833333333333,19.326944444444443,5,0.0,0.0,0.0,0.0,0.0,0.0,0.0,0.0,0.0,0.0,0.0,CUAJIMALPA DE MORELOS,0.0,0.0
9,Cuajimalpa de Morelos,Punta Galicia,-99.30333333333333,19.374166666666667,387,54.0,17.0,26.0,33.0,51.0,64.0,1.0,8.23,152.0,4.0,208.0,CUAJIMALPA DE MORELOS,4.3927648578811365,13.953488372093023
9,Cuajimalpa de Morelos,Ninguno,-99.33916666666666,19.302777777777777,11,0.0,0.0,0.0,0.0,0.0,0.0,0.0,0.0,0.0,0.0,0.0,CUAJIMALPA DE MORELOS,0.0,0.0
9,Cuajimalpa de Morelos,Santiago Yacuitlalpan,-99.30499999999999,19.37527777777778,75,6.0,0.0,3.0,4.0,6.0,9.0,0.0,6.95,29.0,3.71,33.0,CUAJIMALPA DE MORELOS,0.0,8.0
9,Cuajimalpa de Morelos,Punta Ahuatenco,-99.30555555555556,19.368055555555557,65,4.0,0.0,0.0,0.0,5.0,6.0,0.0,6.2,26.0,4.64,35.0,CUAJIMALPA DE MORELOS,0.0,6.153846153846154
9,Cuajimalpa de Morelos,Localidades de una vivienda,,,30,4.0,1.0,1.0,1.0,2.0,2.0,0.0,0.0,6.0,0.0,11.0,CUAJIMALPA DE MORELOS,3.3333333333333335,13.333333333333334
9,Gustavo A. Madero,Total del Municipio,,,1185772,437147.0,104847.0,138195.0,133434.0,220650.0,243385.0,830.0,10.23,526179.0,3.66,803418.0,GUSTAVO A. MADERO,8.842087686334303,36.86602483445384
9,Gustavo A. Madero,Gustavo A. Madero,-99.1125,19.48222222222222,1185772,437147.0,104847.0,138195.0,133434.0,220650.0,243385.0,830.0,10.23,526179.0,3.66,803418.0,GUSTAVO A. MADERO,8.842087686334303,36.86602483445384
9,Iztacalco,Total del Municipio,,,384326,151789.0,38156.0,49516.0,44922.0,74567.0,80936.0,142.0,10.5,175316.0,3.69,249671.0,IZTACALCO,9.928029849658882,39.49485592960143
9,Iztacalco,Iztacalco,-99.09777777777778,19.39527777777778,384326,151789.0,38156.0,49516.0,44922.0,74567.0,80936.0,142.0,10.5,175316.0,3.69,249671.0,IZTACALCO,9.928029849658882,39.49485592960143
9,Iztapalapa,Total del Municipio,,,1815786,556751.0,127586.0,174787.0,176920.0,295861.0,334649.0,1654.0,9.61,792297.0,3.91,1096323.0,IZTAPALAPA,7.026488804297423,30.661707932542708
9,Iztapalapa,Iztapalapa,-99.09305555555555,19.358333333333334,1815786,556751.0,127586.0,174787.0,176920.0,295861.0,334649.0,1654.0,9.61,792297.0,3.91,1096323.0,IZTAPALAPA,7.026488804297423,30.661707932542708
9,La Magdalena Contreras,Total del Municipio,,,239086,79124.0,22543.0,28507.0,28601.0,44163.0,48266.0,160.0,9.93,108000.0,3.78,156569.0,LA MAGDALENA CONTRERAS,9.428824774348978,33.09436771705579
9,La Magdalena Contreras,La Magdalena Contreras,-99.21388888888889,19.333333333333332,238431,79041.0,22539.0,28488.0,28545.0,44112.0,48201.0,158.0,9.94,107742.0,3.78,156205.0,LA MAGDALENA CONTRERAS,9.45304930986323,33.150471205505994
9,La Magdalena Contreras,Paraje las Llantas,-99.24555555555555,19.253333333333334,7,0.0,0.0,0.0,0.0,0.0,0.0,0.0,0.0,0.0,0.0,0.0,LA MAGDALENA CONTRERAS,0.0,0.0
9,La Magdalena Contreras,Segundo Dinamo,-99.27388888888889,19.283055555555556,21,4.0,0.0,0.0,4.0,3.0,0.0,1.0,7.13,11.0,3.5,12.0,LA MAGDALENA CONTRERAS,0.0,19.047619047619047
9,La Magdalena Contreras,El Gavillero,-99.24805555555555,19.286944444444448,305,31.0,1.0,5.0,21.0,33.0,35.0,0.0,6.7,110.0,4.36,207.0,LA MAGDALENA CONTRERAS,0.32786885245901637,10.163934426229508
9,La Magdalena Contreras,Totolapa,-99.24416666666667,19.280833333333334,121,18.0,1.0,5.0,12.0,3.0,13.0,0.0,6.8,45.0,4.17,46.0,LA MAGDALENA CONTRERAS,0.8264462809917356,14.87603305785124
9,La Magdalena Contreras,Paraje el Rancho,-99.25416666666666,19.2925,23,2.0,1.0,1.0,3.0,3.0,1.0,0.0,7.29,11.0,4.6,13.0,LA MAGDALENA CONTRERAS,4.3478260869565215,8.695652173913043
9,La Magdalena Contreras,Paraje Aila,-99.30194444444444,19.25583333333333,5,0.0,0.0,0.0,0.0,0.0,0.0,0.0,0.0,0.0,0.0,0.0,LA MAGDALENA CONTRERAS,0.0,0.0
9,La Magdalena Contreras,Rancho Viejo,-99.24805555555555,19.258333333333333,27,3.0,0.0,0.0,2.0,0.0,1.0,0.0,6.74,15.0,3.86,6.0,LA MAGDALENA CONTRERAS,0.0,11.11111111111111
9,La Magdalena Contreras,La Loma,-99.2575,19.289444444444445,14,4.0,0.0,1.0,0.0,2.0,2.0,0.0,9.78,6.0,4.67,6.0,LA MAGDALENA CONTRERAS,0.0,28.57142857142857
9,La Magdalena Contreras,Rincón Eslava,-99.25138888888888,19.28888888888889,7,0.0,0.0,0.0,0.0,0.0,0.0,0.0,0.0,0.0,0.0,0.0,LA MAGDALENA CONTRERAS,0.0,0.0
9,La Magdalena Contreras,Paraje Chepecano,-99.25083333333333,19.291111111111114,21,0.0,0.0,2.0,0.0,0.0,1.0,0.0,8.0,7.0,3.5,8.0,LA MAGDALENA CONTRERAS,0.0,0.0
9,La Magdalena Contreras,Rancho Chichicaspa,-99.24555555555555,19.276666666666667,1,0.0,0.0,0.0,0.0,0.0,0.0,0.0,0.0,0.0,0.0,0.0,LA MAGDALENA CONTRERAS,0.0,0.0
9,La Magdalena Contreras,Paraje Chichicaspa,-99.24888888888889,19.276944444444442,103,15.0,0.0,3.0,9.0,4.0,10.0,0.0,7.95,44.0,4.9,62.0,LA MAGDALENA CONTRERAS,0.0,14.563106796116504
9,La Magdalena Contreras,Localidades de una vivienda,,,6,0.0,0.0,0.0,1.0,0.0,0.0,1.0,0.0,2.0,0.0,0.0,LA MAGDALENA CONTRERAS,0.0,0.0
9,La Magdalena Contreras,Localidades de dos viviendas,,,14,6.0,1.0,2.0,4.0,3.0,2.0,0.0,0.0,7.0,0.0,4.0,LA MAGDALENA CONTRERAS,7.142857142857142,42.857142857142854
9,Milpa Alta,Total del Municipio,,,130582,32027.0,4860.0,7761.0,11931.0,16071.0,19226.0,334.0,9.07,53947.0,4.11,69193.0,MILPA ALTA,3.721799329157158,24.526351258213232
9,Milpa Alta,Villa Milpa Alta,-99.02305555555556,19.192222222222224,18274,5233.0,784.0,1169.0,1874.0,2440.0,2434.0,49.0,9.25,7864.0,4.11,7908.0,MILPA ALTA,4.290248440407136,28.636313888584873
9,Milpa Alta,San Antonio Tecómitl,-98.98805555555556,19.217777777777776,24397,7003.0,1369.0,1995.0,2291.0,3553.0,4280.0,20.0,9.55,10141.0,4.14,12896.0,MILPA ALTA,5.611345657252941,28.704348895355984
9,Milpa Alta,San Bartolomé Xicomulco,-99.06666666666666,19.205277777777777,4340,1243.0,176.0,340.0,449.0,581.0,750.0,7.0,9.55,1831.0,3.88,3160.0,MILPA ALTA,4.055299539170507,28.640552995391705
9,Milpa Alta,San Francisco Tecoxpa,-99.00638888888889,19.191666666666666,11456,2788.0,421.0,654.0,1224.0,1421.0,1610.0,33.0,9.08,4721.0,4.15,5444.0,MILPA ALTA,3.6749301675977653,24.33659217877095
9,Milpa Alta,San Pablo Oztotepec,-99.07249999999999,19.185833333333335,15507,3997.0,590.0,949.0,1120.0,2049.0,2465.0,19.0,9.33,6300.0,4.16,9303.0,MILPA ALTA,3.804733346230735,25.77545624556652
9,Milpa Alta,San Pedro Atocpan,-99.04916666666666,19.200555555555553,8283,1887.0,212.0,393.0,912.0,936.0,1094.0,29.0,8.94,3615.0,4.09,3131.0,MILPA ALTA,2.5594591331643124,22.78160086925027
9,Milpa Alta,San Salvador Cuauhtenco,-99.08749999999999,19.190833333333334,13856,3155.0,540.0,836.0,1127.0,1947.0,2284.0,24.0,9.06,5534.0,4.17,7773.0,MILPA ALTA,3.8972286374133946,22.769919168591223
9,Milpa Alta,Santa Ana Tlacotenco,-98.9961111111111,19.17388888888889,10593,2559.0,331.0,569.0,939.0,1344.0,1357.0,44.0,8.99,4138.0,4.01,6930.0,MILPA ALTA,3.1247049938638725,24.157462475219486
9,Milpa Alta,Cruztitla,-99.0038888888889,19.215555555555554,496,98.0,3.0,17.0,26.0,4.0,75.0,2.0,8.5,206.0,4.03,247.0,MILPA ALTA,0.6048387096774194,19.758064516129032
9,Milpa Alta,Atlimeya,-99.07249999999999,19.16638888888889,30,2.0,0.0,0.0,1.0,0.0,2.0,0.0,5.83,9.0,6.0,10.0,MILPA ALTA,0.0,6.666666666666667
9,Milpa Alta,Atoctienco,-99.045,19.213055555555556,108,21.0,0.0,6.0,12.0,0.0,19.0,0.0,8.55,58.0,3.62,68.0,MILPA ALTA,0.0,19.444444444444446
9,Milpa Alta,Totolan,-99.035,19.183333333333334,6,0.0,0.0,0.0,0.0,0.0,0.0,0.0,0.0,0.0,0.0,0.0,MILPA ALTA,0.0,0.0
9,Milpa Alta,Xoctonco,-99.08749999999999,19.183888888888887,329,36.0,5.0,10.0,15.0,32.0,39.0,2.0,8.1,119.0,4.27,155.0,MILPA ALTA,1.5197568389057752,10.94224924012158
9,Milpa Alta,Cozcatlán,-99.01694444444445,19.180555555555557,2,0.0,0.0,0.0,0.0,0.0,0.0,0.0,0.0,0.0,0.0,0.0,MILPA ALTA,0.0,0.0
9,Milpa Alta,La Herradura (Séptima Curva),-99.04916666666666,19.184166666666666,96,10.0,0.0,0.0,8.0,3.0,11.0,0.0,7.54,32.0,3.6,48.0,MILPA ALTA,0.0,10.416666666666668
9,Milpa Alta,Zangahco,-99.06611111111111,19.1725,31,2.0,0.0,0.0,0.0,0.0,2.0,2.0,6.28,13.0,4.43,10.0,MILPA ALTA,0.0,6.451612903225806
9,Milpa Alta,Hueycotzingo,-99.05277777777778,19.190555555555555,99,8.0,0.0,2.0,8.0,10.0,9.0,1.0,7.59,36.0,3.96,70.0,MILPA ALTA,0.0,8.080808080808081
9,Milpa Alta,Cuauhtec (El Mirador Santa Ana Tlacotenco),-98.98972222222223,19.160555555555554,17,5.0,0.0,1.0,2.0,0.0,2.0,0.0,10.8,7.0,5.67,17.0,MILPA ALTA,0.0,29.411764705882355
9,Milpa Alta,La Mora,-99.0363888888889,19.189444444444444,12,1.0,1.0,1.0,1.0,1.0,1.0,0.0,8.29,5.0,4.0,0.0,MILPA ALTA,8.333333333333332,8.333333333333332
9,Milpa Alta,Metenco,-99.08027777777778,19.203611111111112,226,42.0,4.0,12.0,25.0,16.0,30.0,4.0,8.84,89.0,3.96,155.0,MILPA ALTA,1.7699115044247788,18.58407079646018
9,Milpa Alta,Tamasquiti,-99.02361111111111,19.172777777777778,11,1.0,0.0,1.0,0.0,0.0,0.0,0.0,6.13,5.0,3.67,4.0,MILPA ALTA,0.0,9.090909090909092
9,Milpa Alta,San Agustín el Alto,-99.00833333333334,19.177222222222223,14,1.0,1.0,1.0,1.0,1.0,0.0,0.0,5.2,5.0,4.67,2.0,MILPA ALTA,7.142857142857142,7.142857142857142
9,Milpa Alta,San Marcos,-99.02527777777777,19.16861111111111,130,15.0,2.0,4.0,15.0,12.0,11.0,1.0,7.76,64.0,5.0,36.0,MILPA ALTA,1.5384615384615385,11.538461538461538
9,Milpa Alta,Atlatlauco,-99.06444444444445,19.17777777777778,90,6.0,0.0,1.0,2.0,1.0,5.0,0.0,7.18,34.0,5.0,64.0,MILPA ALTA,0.0,6.666666666666667
9,Milpa Alta,Cuyucalco,-99.06,19.18277777777778,87,20.0,2.0,7.0,9.0,7.0,15.0,1.0,9.72,35.0,3.78,53.0,MILPA ALTA,2.2988505747126435,22.988505747126435
9,Milpa Alta,Iztauhagca,-99.05888888888889,19.184444444444445,65,12.0,0.0,2.0,5.0,4.0,7.0,0.0,9.1,22.0,3.82,27.0,MILPA ALTA,0.0,18.461538461538463
9,Milpa Alta,Tzotzomaco,-99.03888888888889,19.197777777777777,13,3.0,0.0,0.0,3.0,0.0,1.0,0.0,10.25,6.0,4.33,12.0,MILPA ALTA,0.0,23.076923076923077
9,Milpa Alta,Tlatepexco,-99.07722222222222,19.19472222222222,117,20.0,0.0,3.0,6.0,0.0,8.0,2.0,7.65,49.0,3.45,69.0,MILPA ALTA,0.0,17.094017094017094
9,Milpa Alta,San Paocotitla,-99.05027777777778,19.185833333333335,88,9.0,1.0,3.0,9.0,8.0,9.0,0.0,7.4,36.0,4.19,19.0,MILPA ALTA,1.1363636363636365,10.227272727272728
9,Milpa Alta,Tlacopac,-99.04055555555556,19.172222222222224,51,7.0,0.0,0.0,0.0,1.0,4.0,1.0,8.22,25.0,4.64,16.0,MILPA ALTA,0.0,13.725490196078432
9,Milpa Alta,Tecolotzitzatzian (Piltongo),-99.0436111111111,19.162777777777777,7,0.0,0.0,0.0,0.0,0.0,0.0,0.0,0.0,0.0,0.0,0.0,MILPA ALTA,0.0,0.0
9,Milpa Alta,Mecatzintla,-99.00805555555556,19.185277777777777,15,4.0,0.0,2.0,1.0,0.0,3.0,0.0,9.92,7.0,3.75,2.0,MILPA ALTA,0.0,26.666666666666668
9,Milpa Alta,Tequianquiztunco,-99.07166666666666,19.165277777777778,9,0.0,0.0,0.0,0.0,0.0,0.0,0.0,0.0,0.0,0.0,0.0,MILPA ALTA,0.0,0.0
9,Milpa Alta,Tetexipezco,-99.0363888888889,19.201944444444443,39,8.0,0.0,1.0,3.0,0.0,3.0,0.0,7.2,18.0,4.33,1.0,MILPA ALTA,0.0,20.51282051282051
9,Milpa Alta,Tetlicuili (El Encinal),-98.985,19.157777777777778,67,15.0,1.0,1.0,6.0,8.0,9.0,0.0,8.36,28.0,3.72,55.0,MILPA ALTA,1.4925373134328357,22.388059701492537
9,Milpa Alta,Teuhtli,-99.03055555555555,19.21944444444444,11,0.0,0.0,0.0,0.0,0.0,0.0,0.0,0.0,0.0,0.0,0.0,MILPA ALTA,0.0,0.0
9,Milpa Alta,Texcalahuitiel,-99.05972222222222,19.200555555555553,28,4.0,1.0,2.0,3.0,2.0,4.0,0.0,8.59,11.0,4.67,14.0,MILPA ALTA,3.571428571428571,14.285714285714285
9,Milpa Alta,Tezompa,-99.0525,19.188055555555557,99,17.0,1.0,4.0,9.0,5.0,12.0,0.0,7.59,40.0,4.3,58.0,MILPA ALTA,1.0101010101010102,17.17171717171717
9,Milpa Alta,Colonia Teziuhtepec,-99.07083333333333,19.171944444444446,89,12.0,0.0,2.0,4.0,9.0,9.0,0.0,8.09,32.0,4.05,80.0,MILPA ALTA,0.0,13.48314606741573
9,Milpa Alta,Tetzumpa,-99.07055555555556,19.16722222222222,14,0.0,0.0,0.0,0.0,0.0,0.0,0.0,0.0,0.0,0.0,0.0,MILPA ALTA,0.0,0.0
9,Milpa Alta,Tlaxala,-99.03777777777778,19.202222222222222,46,14.0,3.0,3.0,4.0,6.0,6.0,0.0,9.42,21.0,4.18,3.0,MILPA ALTA,6.521739130434782,30.434782608695656
9,Milpa Alta,Cuescomatepec,-99.04583333333333,19.171111111111113,3,0.0,0.0,0.0,0.0,0.0,0.0,0.0,0.0,0.0,0.0,0.0,MILPA ALTA,0.0,0.0
9,Milpa Alta,Tetepanco,-99.05472222222222,19.20583333333333,94,10.0,0.0,0.0,6.0,1.0,12.0,0.0,7.73,35.0,4.27,74.0,MILPA ALTA,0.0,10.638297872340425
9,Milpa Alta,Cerrada Francisco I. Madero,-99.06055555555555,19.21333333333333,51,14.0,4.0,5.0,6.0,7.0,9.0,0.0,9.06,20.0,4.25,23.0,MILPA ALTA,7.8431372549019605,27.450980392156865
9,Milpa Alta,San José,-99.06,19.208333333333332,137,13.0,0.0,5.0,14.0,0.0,9.0,0.0,7.08,57.0,3.81,69.0,MILPA ALTA,0.0,9.48905109489051
9,Milpa Alta,Hueytepetl,-98.98944444444444,19.189166666666665,202,31.0,2.0,4.0,19.0,10.0,33.0,1.0,7.48,84.0,3.92,106.0,MILPA ALTA,0.9900990099009901,15.346534653465346
9,Milpa Alta,Coximalipa,-99.06916666666666,19.17361111111111,91,19.0,1.0,6.0,12.0,8.0,19.0,0.0,9.0,43.0,3.96,75.0,MILPA ALTA,1.098901098901099,20.87912087912088
9,Milpa Alta,Texacatipac,-99.07638888888889,19.175555555555558,153,25.0,2.0,4.0,13.0,17.0,18.0,1.0,8.48,60.0,3.73,106.0,MILPA ALTA,1.3071895424836601,16.33986928104575
9,Milpa Alta,La Mora III,-99.03472222222221,19.18888888888889,31,8.0,0.0,2.0,3.0,0.0,2.0,0.0,8.67,10.0,3.88,17.0,MILPA ALTA,0.0,25.806451612903224
9,Milpa Alta,La Mora IV,-99.03194444444445,19.190833333333334,13,0.0,1.0,0.0,1.0,0.0,1.0,0.0,4.0,6.0,4.33,7.0,MILPA ALTA,7.6923076923076925,0.0
9,Milpa Alta,La Mora V,-99.03388888888888,19.191388888888888,23,2.0,0.0,0.0,1.0,5.0,3.0,0.0,6.88,11.0,3.83,14.0,MILPA ALTA,0.0,8.695652173913043
9,Milpa Alta,Coyocalli,-99.03666666666666,19.197222222222223,16,2.0,0.0,0.0,1.0,1.0,1.0,0.0,8.36,8.0,4.0,2.0,MILPA ALTA,0.0,12.5
9,Milpa Alta,Tlapalan,-99.01055555555556,19.180833333333336,37,10.0,2.0,2.0,3.0,5.0,6.0,0.0,9.64,15.0,3.36,20.0,MILPA ALTA,5.405405405405405,27.027027027027028
9,Milpa Alta,Retamatitla,-99.02083333333333,19.176111111111112,2,0.0,0.0,0.0,0.0,0.0,0.0,0.0,0.0,0.0,0.0,0.0,MILPA ALTA,0.0,0.0
9,Milpa Alta,Texalco,-99.03583333333333,19.192777777777778,84,12.0,0.0,2.0,3.0,2.0,11.0,0.0,7.82,28.0,4.94,76.0,MILPA ALTA,0.0,14.285714285714285
9,Milpa Alta,Quepilco,-99.10083333333333,19.189722222222223,56,7.0,2.0,2.0,4.0,5.0,10.0,0.0,8.43,23.0,4.67,23.0,MILPA ALTA,3.571428571428571,12.5
9,Milpa Alta,Texococlixpa (Rancho Santa Elena),-99.1,19.18277777777778,6,0.0,0.0,0.0,0.0,0.0,0.0,0.0,0.0,0.0,0.0,0.0,MILPA ALTA,0.0,0.0
9,Milpa Alta,Barranca Seca (Pozo Ocho),-98.9975,19.20638888888889,200,18.0,5.0,6.0,9.0,18.0,28.0,0.0,6.87,93.0,4.35,103.0,MILPA ALTA,2.5,9.0
9,Milpa Alta,Teatlaco,-98.99166666666667,19.189166666666665,31,1.0,0.0,0.0,3.0,0.0,3.0,1.0,5.67,12.0,3.44,16.0,MILPA ALTA,0.0,3.225806451612903
9,Milpa Alta,Tlaloxtoc (Ejidos de Tecoxpa),-98.98111111111112,19.196944444444444,38,4.0,0.0,1.0,9.0,0.0,2.0,0.0,7.56,19.0,3.8,25.0,MILPA ALTA,0.0,10.526315789473683
9,Milpa Alta,Atuzanco,-99.05499999999999,19.208333333333332,43,5.0,1.0,0.0,4.0,0.0,1.0,1.0,7.46,15.0,3.58,29.0,MILPA ALTA,2.3255813953488373,11.627906976744185
9,Milpa Alta,El Potrero,-99.09222222222222,19.209722222222222,20,11.0,3.0,3.0,2.0,4.0,4.0,0.0,12.07,9.0,4.0,18.0,MILPA ALTA,15.0,55.00000000000001
9,Milpa Alta,Jalisco Uno,-99.03583333333333,19.199722222222224,55,14.0,1.0,3.0,2.0,4.0,7.0,1.0,8.72,23.0,3.67,8.0,MILPA ALTA,1.8181818181818181,25.454545454545453
9,Milpa Alta,Miquixpa,-99.10083333333333,19.18638888888889,32,3.0,0.0,1.0,0.0,0.0,0.0,1.0,7.57,14.0,5.33,2.0,MILPA ALTA,0.0,9.375
9,Milpa Alta,San Lorenzo Tlacoyucan,-99.03111111111112,19.175,3676,706.0,84.0,145.0,397.0,419.0,431.0,14.0,8.44,1655.0,3.92,1885.0,MILPA ALTA,2.2850924918389555,19.205658324265507
9,Milpa Alta,Rinconada del Tioca,-99.08944444444444,19.209166666666665,110,19.0,3.0,5.0,9.0,10.0,12.0,0.0,8.89,55.0,4.58,85.0,MILPA ALTA,2.727272727272727,17.272727272727273
9,Milpa Alta,Tlacpa,-99.05666666666666,19.204722222222223,6,0.0,0.0,0.0,0.0,0.0,0.0,0.0,0.0,0.0,0.0,0.0,MILPA ALTA,0.0,0.0
9,Milpa Alta,Temoclaluca,-99.07944444444443,19.19388888888889,66,8.0,0.0,1.0,5.0,1.0,4.0,0.0,6.91,26.0,4.13,50.0,MILPA ALTA,0.0,12.121212121212121
9,Milpa Alta,Malacaxco,-99.06555555555555,19.197777777777777,55,10.0,0.0,1.0,5.0,1.0,8.0,0.0,8.74,21.0,4.58,14.0,MILPA ALTA,0.0,18.181818181818183
9,Milpa Alta,Cuatlixco,-99.06305555555555,19.194166666666668,26,3.0,0.0,1.0,2.0,0.0,1.0,1.0,7.22,12.0,5.2,6.0,MILPA ALTA,0.0,11.538461538461538
9,Milpa Alta,Tlaloxtutienco (Montesinos),-99.0625,19.195833333333333,30,5.0,0.0,0.0,1.0,1.0,5.0,0.0,8.22,9.0,5.0,6.0,MILPA ALTA,0.0,16.666666666666664
9,Milpa Alta,Coametzu,-99.05777777777777,19.186944444444446,136,18.0,0.0,3.0,5.0,1.0,14.0,0.0,7.13,51.0,4.59,40.0,MILPA ALTA,0.0,13.23529411764706
9,Milpa Alta,Cuauhtunco,-99.04472222222222,19.216944444444444,236,39.0,3.0,6.0,18.0,14.0,25.0,1.0,8.31,117.0,3.93,142.0,MILPA ALTA,1.2711864406779663,16.52542372881356
9,Milpa Alta,Tepetenco,-99.03722222222223,19.204166666666666,180,35.0,6.0,10.0,23.0,11.0,27.0,0.0,8.39,74.0,4.09,42.0,MILPA ALTA,3.3333333333333335,19.444444444444446
9,Milpa Alta,San Isidro Cuatepec,-99.00777777777778,19.218888888888888,670,110.0,5.0,18.0,37.0,4.0,84.0,6.0,8.06,280.0,3.92,430.0,MILPA ALTA,0.7462686567164178,16.417910447761194
9,Milpa Alta,Xaluis (Ixtahuaca),-99.05499999999999,19.184166666666666,153,33.0,3.0,5.0,21.0,12.0,24.0,0.0,8.85,56.0,4.03,102.0,MILPA ALTA,1.9607843137254901,21.568627450980394
9,Milpa Alta,Tlacaxatl (Barrio Xochitepec),-98.99444444444444,19.20722222222222,219,31.0,6.0,12.0,19.0,13.0,31.0,3.0,8.11,76.0,4.38,133.0,MILPA ALTA,2.73972602739726,14.15525114155251
9,Milpa Alta,Tlachachalipac,-99.05333333333333,19.1825,62,11.0,1.0,1.0,3.0,1.0,6.0,0.0,7.31,22.0,4.77,29.0,MILPA ALTA,1.6129032258064515,17.741935483870968
9,Milpa Alta,Camino Real a Tlaltenami,-99.06222222222222,19.178611111111113,69,13.0,0.0,1.0,3.0,2.0,7.0,1.0,8.37,21.0,4.06,38.0,MILPA ALTA,0.0,18.84057971014493
9,Milpa Alta,Mecalco,-99.01972222222223,19.18,157,31.0,3.0,7.0,19.0,14.0,17.0,0.0,7.75,65.0,3.83,38.0,MILPA ALTA,1.910828025477707,19.745222929936308
9,Milpa Alta,Zacatonco,-99.01583333333333,19.180555555555557,61,21.0,4.0,4.0,8.0,11.0,10.0,0.0,9.57,28.0,5.08,20.0,MILPA ALTA,6.557377049180328,34.42622950819672
9,Milpa Alta,Carretera a Santa Ana,-99.01444444444445,19.18277777777778,104,19.0,2.0,3.0,5.0,5.0,6.0,2.0,6.11,49.0,4.16,51.0,MILPA ALTA,1.9230769230769231,18.269230769230766
9,Milpa Alta,Xali,-99.03138888888888,19.169444444444444,39,11.0,2.0,3.0,7.0,8.0,6.0,0.0,9.16,15.0,3.9,18.0,MILPA ALTA,5.128205128205128,28.205128205128204
9,Milpa Alta,Zacaxontlicpa,-99.10472222222222,19.195555555555554,48,13.0,2.0,3.0,5.0,9.0,12.0,0.0,9.69,21.0,3.69,25.0,MILPA ALTA,4.166666666666666,27.083333333333332
9,Milpa Alta,Santa Catarina (Piedra Blanca),-99.07916666666667,19.211388888888887,143,49.0,12.0,11.0,19.0,24.0,23.0,0.0,10.74,49.0,3.85,88.0,MILPA ALTA,8.391608391608392,34.26573426573427
9,Milpa Alta,Paraje Cuauhtetec,-99.08111111111111,19.19388888888889,188,35.0,2.0,2.0,6.0,17.0,19.0,0.0,8.0,76.0,4.7,128.0,MILPA ALTA,1.0638297872340425,18.617021276595743
9,Milpa Alta,Hueytlalpan,-99.08027777777778,19.192222222222224,91,17.0,1.0,5.0,4.0,7.0,15.0,1.0,8.02,31.0,3.79,71.0,MILPA ALTA,1.098901098901099,18.681318681318682
9,Milpa Alta,Tlatilpampa,-99.05777777777777,19.21722222222222,15,3.0,0.0,0.0,1.0,0.0,0.0,1.0,7.08,4.0,5.0,9.0,MILPA ALTA,0.0,20.0
9,Milpa Alta,Tetzmititla,-99.05666666666666,19.20722222222222,27,6.0,0.0,0.0,1.0,0.0,2.0,0.0,8.18,12.0,4.5,8.0,MILPA ALTA,0.0,22.22222222222222
9,Milpa Alta,Tlaxiomulco,-99.03861111111111,19.191388888888888,113,13.0,0.0,1.0,10.0,0.0,9.0,1.0,6.67,42.0,5.38,59.0,MILPA ALTA,0.0,11.504424778761061
9,Milpa Alta,Tepachac,-99.035,19.189722222222223,15,1.0,0.0,0.0,1.0,0.0,1.0,0.0,8.43,4.0,4.0,3.0,MILPA ALTA,0.0,6.666666666666667
9,Milpa Alta,Chichauhtonco,-99.035,19.18638888888889,10,1.0,0.0,0.0,1.0,1.0,2.0,0.0,4.67,5.0,3.33,0.0,MILPA ALTA,0.0,10.0
9,Milpa Alta,Tecoloxtitla,-99.01138888888889,19.18111111111111,159,40.0,6.0,10.0,16.0,17.0,19.0,1.0,8.82,80.0,3.88,56.0,MILPA ALTA,3.7735849056603774,25.157232704402517
9,Milpa Alta,Tapalaco (Amacapultitla),-99.00333333333333,19.17027777777778,13,1.0,0.0,0.0,3.0,2.0,0.0,0.0,7.63,7.0,3.33,2.0,MILPA ALTA,0.0,7.6923076923076925
9,Milpa Alta,Teacalco,-99.06166666666667,19.198888888888888,38,7.0,0.0,1.0,3.0,1.0,5.0,0.0,8.18,21.0,4.22,24.0,MILPA ALTA,0.0,18.421052631578945
9,Milpa Alta,Iztlalco,-99.06138888888889,19.21527777777778,9,1.0,0.0,0.0,0.0,0.0,0.0,2.0,6.0,2.0,3.0,8.0,MILPA ALTA,0.0,11.11111111111111
9,Milpa Alta,Conzontlicpa,-99.06305555555555,19.21361111111111,144,17.0,4.0,6.0,11.0,9.0,26.0,0.0,8.01,50.0,4.65,101.0,MILPA ALTA,2.7777777777777777,11.805555555555555
9,Milpa Alta,Huepaltepec,-99.07444444444444,19.211666666666666,54,9.0,0.0,2.0,8.0,7.0,5.0,1.0,7.59,21.0,3.18,36.0,MILPA ALTA,0.0,16.666666666666664
9,Milpa Alta,Mecatlán (Rancho el Refugio),-99.08388888888888,19.209166666666665,42,7.0,0.0,4.0,6.0,3.0,5.0,0.0,8.71,16.0,5.25,25.0,MILPA ALTA,0.0,16.666666666666664
9,Milpa Alta,Tecupilco (Kilómetro 17.5),-99.04944444444445,19.217777777777776,81,29.0,2.0,8.0,7.0,10.0,15.0,0.0,10.7,30.0,4.5,53.0,MILPA ALTA,2.4691358024691357,35.80246913580247
9,Milpa Alta,Xaxalpa,-99.04861111111111,19.217777777777776,93,27.0,3.0,6.0,7.0,7.0,11.0,0.0,10.1,36.0,4.23,65.0,MILPA ALTA,3.225806451612903,29.03225806451613
9,Milpa Alta,Xaltepetitla,-99.04305555555555,19.21722222222222,29,2.0,0.0,1.0,3.0,1.0,3.0,1.0,7.81,14.0,2.9,17.0,MILPA ALTA,0.0,6.896551724137931
9,Milpa Alta,Tetecolok,-99.05222222222221,19.213055555555556,62,4.0,0.0,5.0,7.0,0.0,9.0,0.0,7.21,22.0,3.65,45.0,MILPA ALTA,0.0,6.451612903225806
9,Milpa Alta,Tlaxicoapa (Mulotla),-99.05388888888889,19.20777777777778,55,8.0,0.0,1.0,3.0,3.0,4.0,0.0,7.95,24.0,5.0,17.0,MILPA ALTA,0.0,14.545454545454545
9,Milpa Alta,Santa Rosa,-99.00333333333333,19.223611111111108,130,10.0,1.0,4.0,10.0,0.0,14.0,0.0,7.33,47.0,4.19,80.0,MILPA ALTA,0.7692307692307693,7.6923076923076925
9,Milpa Alta,Olla de Piedra,-99.00305555555556,19.223888888888887,36,4.0,1.0,2.0,4.0,4.0,4.0,0.0,8.39,12.0,4.0,27.0,MILPA ALTA,2.7777777777777777,11.11111111111111
9,Milpa Alta,El Zapote (Techultepec),-99.0038888888889,19.215833333333332,331,74.0,9.0,11.0,28.0,21.0,39.0,0.0,8.92,137.0,4.53,234.0,MILPA ALTA,2.719033232628399,22.356495468277945
9,Milpa Alta,Maxulco (Barrio Cruztitla),-99.00277777777778,19.209444444444443,310,81.0,18.0,21.0,35.0,30.0,54.0,0.0,9.3,121.0,4.25,237.0,MILPA ALTA,5.806451612903226,26.129032258064516
9,Milpa Alta,El Pirul,-99.00916666666667,19.2075,29,7.0,0.0,1.0,4.0,1.0,4.0,0.0,7.9,14.0,4.83,17.0,MILPA ALTA,0.0,24.137931034482758
9,Milpa Alta,Prolongación Avenida México Norte,-99.02388888888889,19.203055555555554,57,13.0,1.0,1.0,8.0,3.0,4.0,0.0,8.7,28.0,4.75,26.0,MILPA ALTA,1.7543859649122806,22.807017543859647
9,Milpa Alta,Zacuaztitla,-98.98277777777778,19.203333333333333,189,25.0,0.0,3.0,9.0,0.0,22.0,1.0,7.47,87.0,4.74,95.0,MILPA ALTA,0.0,13.227513227513226
9,Milpa Alta,Rancho Paraíso Escondido,-98.98722222222223,19.204166666666666,10,0.0,0.0,0.0,0.0,0.0,0.0,0.0,0.0,0.0,0.0,0.0,MILPA ALTA,0.0,0.0
9,Milpa Alta,Omaxal,-99.09388888888888,19.183888888888887,160,18.0,3.0,4.0,5.0,15.0,21.0,0.0,7.4,69.0,3.9,94.0,MILPA ALTA,1.875,11.25
9,Milpa Alta,Mimiradorco,-99.09444444444443,19.181944444444447,17,2.0,0.0,0.0,1.0,0.0,2.0,0.0,7.23,7.0,3.4,9.0,MILPA ALTA,0.0,11.76470588235294
9,Milpa Alta,Ahuatitla,-99.08166666666666,19.184166666666666,52,16.0,1.0,2.0,5.0,4.0,9.0,0.0,9.8,25.0,4.0,17.0,MILPA ALTA,1.9230769230769231,30.76923076923077
9,Milpa Alta,Texacazintla (Xacalixpa),-99.0786111111111,19.177222222222223,96,12.0,0.0,2.0,8.0,1.0,9.0,2.0,7.51,36.0,3.84,52.0,MILPA ALTA,0.0,12.5
9,Milpa Alta,Chichilecas,-99.06777777777778,19.176111111111112,142,24.0,0.0,3.0,11.0,12.0,21.0,0.0,8.44,59.0,4.06,87.0,MILPA ALTA,0.0,16.901408450704224
9,Milpa Alta,Camino a la Granja,-99.06333333333333,19.196944444444444,11,0.0,0.0,0.0,0.0,0.0,0.0,0.0,0.0,0.0,0.0,0.0,MILPA ALTA,0.0,0.0
9,Milpa Alta,Calle Capulines,-99.05916666666667,19.196944444444444,9,2.0,0.0,1.0,2.0,0.0,2.0,0.0,8.88,5.0,2.25,2.0,MILPA ALTA,0.0,22.22222222222222
9,Milpa Alta,Rancho los Capulines,-99.05777777777777,19.19388888888889,50,12.0,0.0,3.0,6.0,1.0,8.0,0.0,8.39,18.0,4.55,13.0,MILPA ALTA,0.0,24.0
9,Milpa Alta,Temoayan,-99.05694444444444,19.195833333333333,34,7.0,2.0,3.0,4.0,2.0,5.0,0.0,9.63,15.0,4.86,8.0,MILPA ALTA,5.88235294117647,20.588235294117645
9,Milpa Alta,Prolongación Xolotl,-99.05583333333333,19.191944444444445,68,7.0,0.0,2.0,6.0,1.0,3.0,1.0,8.02,24.0,4.86,22.0,MILPA ALTA,0.0,10.294117647058822
9,Milpa Alta,Tequimilpa,-99.05416666666666,19.193055555555556,4,0.0,0.0,0.0,0.0,0.0,0.0,0.0,0.0,0.0,0.0,0.0,MILPA ALTA,0.0,0.0
9,Milpa Alta,Meliaxco,-99.03305555555555,19.18888888888889,33,6.0,0.0,1.0,1.0,0.0,2.0,0.0,6.68,14.0,5.5,19.0,MILPA ALTA,0.0,18.181818181818183
9,Milpa Alta,Las Cruces Parte Alta (Tehuepanco),-99.04222222222222,19.17388888888889,188,25.0,0.0,3.0,20.0,19.0,22.0,0.0,7.58,76.0,4.02,90.0,MILPA ALTA,0.0,13.297872340425531
9,Milpa Alta,Cuapalipa,-99.03388888888888,19.170555555555556,32,2.0,0.0,1.0,2.0,2.0,2.0,1.0,6.4,14.0,4.57,24.0,MILPA ALTA,0.0,6.25
9,Milpa Alta,Camino Tigustitla,-99.03777777777778,19.169444444444444,50,2.0,0.0,1.0,6.0,5.0,7.0,1.0,7.68,19.0,3.57,26.0,MILPA ALTA,0.0,4.0
9,Milpa Alta,Zacaticli,-99.0363888888889,19.166944444444447,45,3.0,0.0,0.0,3.0,1.0,1.0,0.0,6.67,20.0,3.46,28.0,MILPA ALTA,0.0,6.666666666666667
9,Milpa Alta,Tenopantitla,-99.03055555555555,19.16777777777778,27,3.0,0.0,0.0,3.0,2.0,2.0,1.0,7.89,13.0,3.86,5.0,MILPA ALTA,0.0,11.11111111111111
9,Milpa Alta,Ocoteloloco (Tlaxcantitla),-99.01861111111111,19.17138888888889,2,0.0,0.0,0.0,0.0,0.0,0.0,0.0,0.0,0.0,0.0,0.0,MILPA ALTA,0.0,0.0
9,Milpa Alta,Tecpallo,-98.99,19.196666666666665,117,13.0,2.0,2.0,9.0,2.0,6.0,0.0,7.55,37.0,3.92,62.0,MILPA ALTA,1.7094017094017095,11.11111111111111
9,Milpa Alta,Nuch Huaca (Techinantitle),-98.98777777777778,19.174444444444447,72,8.0,0.0,2.0,7.0,1.0,7.0,0.0,8.02,31.0,4.0,48.0,MILPA ALTA,0.0,11.11111111111111
9,Milpa Alta,Cuacuahotlipa,-98.98694444444445,19.16777777777778,174,17.0,1.0,3.0,11.0,7.0,19.0,4.0,7.3,60.0,3.87,128.0,MILPA ALTA,0.5747126436781609,9.770114942528735
9,Milpa Alta,Tlalcospa (Nacatulatlaco),-98.99083333333333,19.16611111111111,30,7.0,2.0,2.0,2.0,3.0,5.0,0.0,8.84,11.0,4.29,14.0,MILPA ALTA,6.666666666666667,23.333333333333332
9,Milpa Alta,Teshutla,-98.98861111111111,19.16472222222222,14,1.0,0.0,0.0,0.0,1.0,1.0,0.0,9.4,3.0,4.0,4.0,MILPA ALTA,0.0,7.142857142857142
9,Milpa Alta,Citlalcuac (Rancho el Paraíso Perdido),-99.09527777777777,19.200555555555553,87,15.0,0.0,1.0,1.0,3.0,11.0,0.0,8.49,30.0,4.35,36.0,MILPA ALTA,0.0,17.24137931034483
9,Milpa Alta,Prolongación Niños Héroes,-99.08722222222222,19.199166666666667,264,41.0,6.0,10.0,25.0,30.0,37.0,2.0,7.99,109.0,3.9,158.0,MILPA ALTA,2.272727272727273,15.530303030303031
9,Milpa Alta,Paraje Huicalco,-99.06027777777777,19.209722222222222,67,18.0,0.0,3.0,5.0,1.0,13.0,0.0,9.55,22.0,4.19,48.0,MILPA ALTA,0.0,26.865671641791046
9,Milpa Alta,Los Aguilar,-99.07666666666667,19.205277777777777,4,0.0,0.0,0.0,0.0,0.0,0.0,0.0,0.0,0.0,0.0,0.0,MILPA ALTA,0.0,0.0
9,Milpa Alta,Tetexaloca,-99.05972222222222,19.18777777777778,90,10.0,1.0,4.0,7.0,3.0,11.0,0.0,7.21,30.0,4.29,38.0,MILPA ALTA,1.1111111111111112,11.11111111111111
9,Milpa Alta,Prolongación Justo Sierra,-99.06305555555555,19.200555555555553,24,4.0,0.0,0.0,0.0,1.0,2.0,0.0,8.8,10.0,4.8,16.0,MILPA ALTA,0.0,16.666666666666664
9,Milpa Alta,Acatlaco,-99.06194444444444,19.18027777777778,41,6.0,0.0,1.0,3.0,2.0,4.0,0.0,8.76,15.0,5.13,26.0,MILPA ALTA,0.0,14.634146341463413
9,Milpa Alta,Xalmoyo,-99.09833333333333,19.185833333333335,65,6.0,0.0,1.0,0.0,5.0,7.0,0.0,8.11,23.0,3.88,25.0,MILPA ALTA,0.0,9.230769230769232
9,Milpa Alta,Paraje Oluca,-99.10083333333333,19.191111111111113,445,73.0,14.0,19.0,30.0,38.0,43.0,3.0,7.65,171.0,4.01,165.0,MILPA ALTA,3.146067415730337,16.40449438202247
9,Milpa Alta,Ninguno,-99.0586111111111,19.2,8,0.0,0.0,0.0,0.0,0.0,0.0,0.0,0.0,0.0,0.0,0.0,MILPA ALTA,0.0,0.0
9,Milpa Alta,La Joya,-99.0825,19.200277777777778,59,9.0,0.0,4.0,6.0,0.0,6.0,0.0,8.09,29.0,4.21,40.0,MILPA ALTA,0.0,15.254237288135593
9,Milpa Alta,Camino Viejo a Santa Cruz,-99.0675,19.211111111111112,64,11.0,3.0,5.0,8.0,4.0,6.0,0.0,9.0,33.0,3.56,50.0,MILPA ALTA,4.6875,17.1875
9,Milpa Alta,Paraje la Cruz,-99.04083333333332,19.186944444444446,66,5.0,0.0,0.0,9.0,0.0,6.0,1.0,7.05,30.0,3.67,35.0,MILPA ALTA,0.0,7.575757575757576
9,Milpa Alta,Mixquiahuac,-99.0786111111111,19.205277777777777,11,7.0,3.0,4.0,4.0,4.0,3.0,0.0,15.0,7.0,2.75,10.0,MILPA ALTA,27.27272727272727,63.63636363636363
9,Milpa Alta,Zacamoli,-99.08333333333333,19.205,27,7.0,0.0,0.0,5.0,4.0,4.0,0.0,9.72,10.0,3.38,27.0,MILPA ALTA,0.0,25.925925925925924
9,Milpa Alta,Panuca (Kilómetro 27.5),-98.99305555555556,19.16361111111111,23,3.0,0.0,0.0,2.0,0.0,1.0,1.0,6.71,11.0,2.88,1.0,MILPA ALTA,0.0,13.043478260869565
9,Milpa Alta,Tlaltepec,-99.00611111111111,19.184722222222224,131,14.0,4.0,4.0,9.0,6.0,11.0,2.0,6.52,49.0,3.91,75.0,MILPA ALTA,3.0534351145038165,10.687022900763358
9,Milpa Alta,Las Palmas (Chimeo),-99.01222222222222,19.22,125,12.0,0.0,0.0,9.0,0.0,16.0,1.0,7.38,49.0,4.63,55.0,MILPA ALTA,0.0,9.6
9,Milpa Alta,AA Milpa Alta,-99.01388888888889,19.20583333333333,38,7.0,1.0,1.0,3.0,1.0,1.0,1.0,7.96,17.0,4.22,22.0,MILPA ALTA,2.631578947368421,18.421052631578945
9,Milpa Alta,El Cerrito,-98.98972222222223,19.211666666666666,79,12.0,1.0,3.0,3.0,5.0,12.0,0.0,8.57,26.0,4.16,53.0,MILPA ALTA,1.2658227848101267,15.18987341772152
9,Milpa Alta,San Miguelito (Tecoxomayehuactitla),-99.00555555555556,19.16611111111111,40,4.0,0.0,0.0,4.0,1.0,0.0,0.0,7.13,20.0,3.64,21.0,MILPA ALTA,0.0,10.0
9,Milpa Alta,Texomulco,-99.04444444444444,19.218888888888888,49,3.0,0.0,0.0,2.0,1.0,2.0,1.0,6.37,21.0,4.9,33.0,MILPA ALTA,0.0,6.122448979591836
9,Milpa Alta,Prolongación Benito Juárez,-98.99833333333333,19.16361111111111,15,0.0,0.0,0.0,2.0,0.0,2.0,0.0,6.75,4.0,4.0,5.0,MILPA ALTA,0.0,0.0
9,Milpa Alta,Tlalcocomoya,-99.0436111111111,19.170555555555556,45,1.0,0.0,0.0,5.0,1.0,5.0,0.0,6.59,22.0,4.5,22.0,MILPA ALTA,0.0,2.2222222222222223
9,Milpa Alta,Zozotlac,-99.04444444444444,19.170833333333334,52,5.0,0.0,0.0,9.0,2.0,6.0,2.0,7.45,21.0,3.5,16.0,MILPA ALTA,0.0,9.615384615384617
9,Milpa Alta,Atoctenco (Tlalaxco),-99.04722222222222,19.21861111111111,347,84.0,5.0,15.0,36.0,36.0,40.0,1.0,9.26,135.0,4.13,196.0,MILPA ALTA,1.440922190201729,24.207492795389047
9,Milpa Alta,Cerrada Buenavista,-99.03361111111111,19.193055555555556,29,3.0,0.0,1.0,1.0,2.0,3.0,0.0,7.32,16.0,4.83,14.0,MILPA ALTA,0.0,10.344827586206897
9,Milpa Alta,Ninguno,-99.05722222222222,19.21,14,3.0,1.0,1.0,3.0,1.0,3.0,0.0,9.17,6.0,2.8,9.0,MILPA ALTA,7.142857142857142,21.428571428571427
9,Milpa Alta,Rancho Zihuantemohuayan,-99.05638888888889,19.21388888888889,6,0.0,0.0,0.0,0.0,0.0,0.0,0.0,0.0,0.0,0.0,0.0,MILPA ALTA,0.0,0.0
9,Milpa Alta,Carretera a San Bartolo,-99.07583333333334,19.209166666666665,5,0.0,0.0,0.0,0.0,0.0,0.0,0.0,0.0,0.0,0.0,0.0,MILPA ALTA,0.0,0.0
9,Milpa Alta,Tlatzala,-99.05361111111111,19.209722222222222,4,0.0,0.0,0.0,0.0,0.0,0.0,0.0,0.0,0.0,0.0,0.0,MILPA ALTA,0.0,0.0
9,Milpa Alta,Tetzompa,-99.01361111111112,19.204722222222223,56,2.0,1.0,2.0,5.0,3.0,3.0,0.0,7.42,20.0,4.0,31.0,MILPA ALTA,1.7857142857142856,3.571428571428571
9,Milpa Alta,Prolongación Mina,-99.08944444444444,19.200277777777778,131,14.0,0.0,2.0,5.0,4.0,18.0,0.0,6.9,59.0,4.74,32.0,MILPA ALTA,0.0,10.687022900763358
9,Milpa Alta,Tlacopanco,-99.07,19.1925,87,16.0,0.0,1.0,5.0,0.0,10.0,0.0,8.5,31.0,4.5,50.0,MILPA ALTA,0.0,18.39080459770115
9,Milpa Alta,Pitucaltitla,-99.07222222222222,19.193333333333335,111,15.0,1.0,1.0,4.0,2.0,14.0,0.0,7.59,43.0,4.63,73.0,MILPA ALTA,0.9009009009009009,13.513513513513514
9,Milpa Alta,Prolongación Veracruz Sur,-99.01972222222223,19.177500000000002,8,0.0,0.0,0.0,0.0,0.0,0.0,0.0,0.0,0.0,0.0,0.0,MILPA ALTA,0.0,0.0
9,Milpa Alta,Joyas Parte Alta,-98.99166666666667,19.20777777777778,305,39.0,1.0,6.0,22.0,5.0,39.0,2.0,7.64,105.0,4.18,146.0,MILPA ALTA,0.32786885245901637,12.786885245901638
9,Milpa Alta,Camino de la Amistad,-99.08,19.208333333333332,29,9.0,0.0,0.0,3.0,5.0,5.0,0.0,11.83,13.0,4.83,16.0,MILPA ALTA,0.0,31.03448275862069
9,Milpa Alta,Ninguno,-99.0675,19.170833333333334,9,0.0,0.0,0.0,0.0,0.0,0.0,0.0,0.0,0.0,0.0,0.0,MILPA ALTA,0.0,0.0
9,Milpa Alta,Prolongación Juan Escutia,-99.0825,19.1975,19,2.0,0.0,0.0,2.0,2.0,4.0,0.0,8.09,10.0,4.75,9.0,MILPA ALTA,0.0,10.526315789473683
9,Milpa Alta,San Antonio Cuilotepec,-99.09138888888889,19.184166666666666,243,28.0,2.0,4.0,20.0,2.0,29.0,1.0,7.19,107.0,4.12,86.0,MILPA ALTA,0.823045267489712,11.522633744855968
9,Milpa Alta,Tenochcalco,-98.98777777777778,19.155277777777776,17,2.0,0.0,0.0,0.0,0.0,0.0,0.0,4.92,10.0,3.4,6.0,MILPA ALTA,0.0,11.76470588235294
9,Milpa Alta,San Nicolás Tetelco,-98.97055555555556,19.21,3490,799.0,111.0,177.0,281.0,447.0,564.0,7.0,9.04,1327.0,4.15,1745.0,MILPA ALTA,3.1805157593123212,22.893982808022923
9,Milpa Alta,El Tejocote,-98.96972222222223,19.202222222222222,62,5.0,0.0,0.0,4.0,8.0,8.0,0.0,7.22,23.0,4.13,39.0,MILPA ALTA,0.0,8.064516129032258
9,Milpa Alta,Ejidos Tecoxpa,-98.97611111111111,19.20611111111111,7,0.0,0.0,0.0,0.0,0.0,0.0,1.0,4.4,3.0,2.33,0.0,MILPA ALTA,0.0,0.0
9,Milpa Alta,Ninguno,-98.98027777777779,19.209444444444443,176,17.0,6.0,7.0,12.0,15.0,19.0,1.0,7.62,59.0,4.55,97.0,MILPA ALTA,3.4090909090909087,9.659090909090908
9,Milpa Alta,Avenida el Cerro,-98.97222222222223,19.20583333333333,115,6.0,0.0,1.0,3.0,6.0,7.0,0.0,6.76,50.0,4.11,46.0,MILPA ALTA,0.0,5.217391304347826
9,Milpa Alta,Corrantitla,-99.02027777777778,19.203055555555554,147,14.0,0.0,2.0,4.0,1.0,11.0,2.0,6.98,65.0,4.59,71.0,MILPA ALTA,0.0,9.523809523809524
9,Milpa Alta,Tepanoco,-99.01861111111111,19.204444444444444,19,3.0,0.0,0.0,1.0,0.0,3.0,0.0,8.15,8.0,6.33,9.0,MILPA ALTA,0.0,15.789473684210526
9,Milpa Alta,Ninguno,-99.0275,19.2025,26,2.0,0.0,0.0,0.0,0.0,4.0,0.0,6.29,13.0,3.25,17.0,MILPA ALTA,0.0,7.6923076923076925
9,Milpa Alta,Ninguno,-99.03027777777778,19.206666666666667,8,0.0,0.0,0.0,0.0,0.0,0.0,0.0,0.0,0.0,0.0,0.0,MILPA ALTA,0.0,0.0
9,Milpa Alta,Zacatipla,-99.02888888888889,19.20611111111111,3,0.0,0.0,0.0,0.0,0.0,0.0,0.0,0.0,0.0,0.0,0.0,MILPA ALTA,0.0,0.0
9,Milpa Alta,Paraje Santa Rosa Xalco,-99.03055555555555,19.205277777777777,26,9.0,2.0,2.0,5.0,3.0,2.0,0.0,8.96,14.0,3.71,3.0,MILPA ALTA,7.6923076923076925,34.61538461538461
9,Milpa Alta,Ninguno,-99.03277777777778,19.202777777777776,7,0.0,0.0,0.0,0.0,0.0,0.0,0.0,0.0,0.0,0.0,0.0,MILPA ALTA,0.0,0.0
9,Milpa Alta,Villa Hermosa,-99.03583333333333,19.1975,49,11.0,1.0,2.0,4.0,5.0,8.0,0.0,8.91,17.0,3.77,32.0,MILPA ALTA,2.0408163265306123,22.448979591836736
9,Milpa Alta,Ninguno,-99.03222222222222,19.192777777777778,30,8.0,0.0,0.0,2.0,2.0,2.0,0.0,9.7,11.0,3.75,21.0,MILPA ALTA,0.0,26.666666666666668
9,Milpa Alta,Ninguno,-99.00777777777778,19.2025,81,15.0,5.0,5.0,13.0,10.0,11.0,0.0,8.22,31.0,4.05,32.0,MILPA ALTA,6.172839506172839,18.51851851851852
9,Milpa Alta,Barrio Nochtitla,-99.04444444444444,19.205277777777777,442,69.0,1.0,10.0,34.0,35.0,49.0,1.0,7.85,189.0,4.33,287.0,MILPA ALTA,0.22624434389140274,15.610859728506787
9,Milpa Alta,Paraje Tehuizco,-99.0425,19.211944444444445,241,23.0,0.0,2.0,9.0,1.0,25.0,0.0,7.27,115.0,4.02,153.0,MILPA ALTA,0.0,9.54356846473029
9,Milpa Alta,Achayatipac,-99.04638888888888,19.210277777777776,161,22.0,1.0,3.0,14.0,0.0,9.0,1.0,7.96,82.0,3.93,96.0,MILPA ALTA,0.6211180124223602,13.664596273291925
9,Milpa Alta,Ninguno,-99.04027777777777,19.205,90,11.0,4.0,3.0,10.0,9.0,19.0,0.0,6.57,36.0,3.46,5.0,MILPA ALTA,4.444444444444445,12.222222222222221
9,Milpa Alta,Ninguno,-99.03527777777778,19.171666666666667,3,0.0,0.0,0.0,0.0,0.0,0.0,0.0,0.0,0.0,0.0,0.0,MILPA ALTA,0.0,0.0
9,Milpa Alta,Ermita del Calvario,-99.03777777777778,19.17638888888889,37,6.0,1.0,2.0,3.0,4.0,4.0,0.0,8.44,16.0,4.25,17.0,MILPA ALTA,2.7027027027027026,16.216216216216218
9,Milpa Alta,La Virgen,-99.05083333333333,19.211111111111112,50,3.0,1.0,1.0,1.0,1.0,6.0,0.0,6.74,23.0,4.17,36.0,MILPA ALTA,2.0,6.0
9,Milpa Alta,Natlahuacaloca,-99.04972222222221,19.20861111111111,58,15.0,0.0,3.0,8.0,8.0,8.0,0.0,9.23,24.0,4.23,34.0,MILPA ALTA,0.0,25.862068965517242
9,Milpa Alta,Huixtotlazintla,-99.05277777777778,19.204722222222223,116,17.0,2.0,5.0,6.0,8.0,16.0,0.0,7.27,45.0,4.14,74.0,MILPA ALTA,1.7241379310344827,14.655172413793101
9,Milpa Alta,Ninguno,-99.05277777777778,19.194166666666668,79,13.0,0.0,2.0,7.0,8.0,6.0,0.0,7.37,26.0,5.0,48.0,MILPA ALTA,0.0,16.455696202531644
9,Milpa Alta,Ninguno,-99.05111111111111,19.190277777777776,61,9.0,0.0,1.0,1.0,3.0,4.0,0.0,7.15,24.0,4.07,34.0,MILPA ALTA,0.0,14.754098360655737
9,Milpa Alta,Ninguno,-99.0461111111111,19.19638888888889,14,4.0,1.0,0.0,3.0,0.0,2.0,0.0,8.33,9.0,3.5,8.0,MILPA ALTA,7.142857142857142,28.57142857142857
9,Milpa Alta,Ninguno,-99.01833333333333,19.18277777777778,62,13.0,2.0,2.0,5.0,3.0,7.0,0.0,7.95,24.0,4.13,16.0,MILPA ALTA,3.225806451612903,20.967741935483872
9,Milpa Alta,Ninguno,-99.01666666666667,19.183888888888887,83,13.0,2.0,3.0,7.0,4.0,8.0,1.0,7.48,39.0,3.95,29.0,MILPA ALTA,2.4096385542168677,15.66265060240964
9,Milpa Alta,Ninguno,-99.02,19.183888888888887,42,10.0,1.0,2.0,4.0,4.0,5.0,0.0,10.2,15.0,5.25,15.0,MILPA ALTA,2.380952380952381,23.809523809523807
9,Milpa Alta,Ninguno,-99.01916666666666,19.183333333333334,3,0.0,0.0,0.0,0.0,0.0,0.0,0.0,0.0,0.0,0.0,0.0,MILPA ALTA,0.0,0.0
9,Milpa Alta,Ninguno,-99.02583333333334,19.18111111111111,40,7.0,2.0,2.0,6.0,2.0,2.0,0.0,8.65,16.0,4.0,17.0,MILPA ALTA,5.0,17.5
9,Milpa Alta,Tezontlipac,-99.02833333333334,19.180555555555557,20,3.0,0.0,1.0,1.0,2.0,2.0,0.0,8.77,8.0,6.67,18.0,MILPA ALTA,0.0,15.0
9,Milpa Alta,Ninguno,-99.02944444444444,19.170833333333334,8,0.0,0.0,0.0,0.0,0.0,0.0,0.0,0.0,0.0,0.0,0.0,MILPA ALTA,0.0,0.0
9,Milpa Alta,Ninguno,-99.0286111111111,19.17,14,0.0,0.0,0.0,2.0,1.0,1.0,0.0,6.09,5.0,3.5,3.0,MILPA ALTA,0.0,0.0
9,Milpa Alta,Ninguno,-99.02638888888889,19.170555555555556,5,0.0,0.0,0.0,0.0,0.0,0.0,0.0,0.0,0.0,0.0,0.0,MILPA ALTA,0.0,0.0
9,Milpa Alta,Ninguno,-99.02777777777777,19.172222222222224,18,3.0,0.0,0.0,1.0,0.0,0.0,0.0,8.15,11.0,6.0,4.0,MILPA ALTA,0.0,16.666666666666664
9,Milpa Alta,Ninguno,-99.02833333333334,19.172222222222224,18,1.0,0.0,0.0,0.0,0.0,0.0,0.0,9.29,5.0,6.0,5.0,MILPA ALTA,0.0,5.555555555555555
9,Milpa Alta,Ninguno,-99.0275,19.17388888888889,20,3.0,0.0,0.0,2.0,0.0,4.0,0.0,7.5,8.0,3.33,12.0,MILPA ALTA,0.0,15.0
9,Milpa Alta,Ninguno,-99.02722222222222,19.175555555555558,88,22.0,3.0,6.0,14.0,10.0,13.0,1.0,8.65,41.0,3.67,44.0,MILPA ALTA,3.4090909090909087,25.0
9,Milpa Alta,Paraje Texotitla,-99.09944444444444,19.190277777777776,41,4.0,0.0,0.0,6.0,2.0,7.0,1.0,7.16,21.0,3.15,15.0,MILPA ALTA,0.0,9.75609756097561
9,Milpa Alta,Paraje Cuatepec,-99.09555555555555,19.18611111111111,116,18.0,1.0,2.0,3.0,10.0,10.0,1.0,7.32,57.0,4.46,102.0,MILPA ALTA,0.8620689655172413,15.517241379310345
9,Milpa Alta,Ocotitla,-99.02166666666666,19.203333333333333,52,4.0,0.0,2.0,5.0,0.0,4.0,0.0,7.57,25.0,4.73,12.0,MILPA ALTA,0.0,7.6923076923076925
9,Milpa Alta,Toltecas (Parte Alta),-99.00611111111111,19.223333333333333,143,10.0,0.0,0.0,6.0,3.0,11.0,0.0,6.99,50.0,3.86,71.0,MILPA ALTA,0.0,6.993006993006993
9,Milpa Alta,Palo Dulce,-98.99111111111111,19.190555555555555,107,17.0,1.0,3.0,7.0,4.0,15.0,0.0,7.85,42.0,3.96,48.0,MILPA ALTA,0.9345794392523363,15.887850467289718
9,Milpa Alta,Xochiatlaco,-99.00194444444445,19.185277777777777,16,0.0,0.0,0.0,0.0,0.0,0.0,0.0,7.0,6.0,5.33,11.0,MILPA ALTA,0.0,0.0
9,Milpa Alta,Huacaltunco,-99.00361111111111,19.18277777777778,22,4.0,0.0,0.0,1.0,2.0,1.0,2.0,8.31,8.0,4.4,7.0,MILPA ALTA,0.0,18.181818181818183
9,Milpa Alta,Ixotitla,-99.06166666666667,19.20861111111111,58,6.0,0.0,2.0,3.0,0.0,4.0,1.0,7.53,21.0,4.23,50.0,MILPA ALTA,0.0,10.344827586206897
9,Milpa Alta,Localidades de una vivienda,,,53,14.0,1.0,3.0,6.0,1.0,6.0,2.0,0.0,29.0,0.0,21.0,MILPA ALTA,1.8867924528301887,26.41509433962264
9,Milpa Alta,Localidades de dos viviendas,,,121,23.0,0.0,5.0,22.0,3.0,15.0,0.0,0.0,50.0,0.0,54.0,MILPA ALTA,0.0,19.00826446280992
9,Álvaro Obregón,Total del Municipio,,,727034,267788.0,82006.0,99625.0,95636.0,142854.0,155705.0,388.0,10.38,342414.0,3.68,494813.0,ALVARO OBREGON,11.279527504903484,36.83294041269047
9,Álvaro Obregón,Álvaro Obregón,-99.2,19.4,726664,267709.0,81995.0,99608.0,95606.0,142797.0,155646.0,388.0,10.38,342244.0,3.68,494565.0,ALVARO OBREGON,11.28375700461286,36.84082326907622
9,Álvaro Obregón,Cuauhtlamila,-99.27194444444444,19.323888888888888,326,69.0,11.0,16.0,27.0,53.0,52.0,0.0,8.28,155.0,4.1,207.0,ALVARO OBREGON,3.374233128834356,21.165644171779142
9,Álvaro Obregón,Ampliación San Bernabé (Tenango),-99.27333333333333,19.300833333333333,15,1.0,0.0,0.0,1.0,0.0,2.0,0.0,6.1,5.0,3.75,14.0,ALVARO OBREGON,0.0,6.666666666666667
9,Álvaro Obregón,El Ermitaño (Paraje el Chipil),-99.27027777777778,19.30027777777778,29,9.0,0.0,1.0,2.0,4.0,5.0,0.0,9.83,10.0,4.83,27.0,ALVARO OBREGON,0.0,31.03448275862069
9,Tláhuac,Total del Municipio,,,360265,110361.0,23821.0,34150.0,36605.0,57227.0,66543.0,336.0,9.69,151240.0,3.96,211530.0,TLAHUAC,6.61207722093459,30.633283832734236
9,Tláhuac,Tláhuac,-99.05416666666666,19.304166666666667,305076,95446.0,21112.0,30082.0,31460.0,49575.0,57240.0,267.0,9.76,128932.0,3.91,180371.0,TLAHUAC,6.920242824738754,31.285974642384197
9,Tláhuac,San Andrés Mixquic,-98.96416666666667,19.224444444444444,13310,3711.0,484.0,795.0,950.0,1601.0,1828.0,16.0,9.46,5059.0,4.72,7393.0,TLAHUAC,3.6363636363636362,27.881292261457553
9,Tláhuac,San Juan Ixtayopan,-98.99472222222222,19.241944444444446,24120,6944.0,1436.0,2048.0,2507.0,3871.0,4443.0,17.0,9.41,10204.0,4.09,13170.0,TLAHUAC,5.9535655058043115,28.7893864013267
9,Tláhuac,San Nicolás Tetelco,-98.9725,19.215833333333332,4246,1233.0,199.0,313.0,409.0,562.0,709.0,4.0,9.69,1711.0,4.18,2171.0,TLAHUAC,4.686764013188884,29.039095619406503
9,Tláhuac,Santa Catarina Yecahuitzotl,-98.96611111111112,19.310277777777777,9563,2499.0,547.0,819.0,1028.0,1444.0,1861.0,11.0,9.26,3800.0,3.96,6519.0,TLAHUAC,5.719962354909548,26.13196695597616
9,Tláhuac,Barrio San Miguel,-98.95777777777778,19.220277777777778,166,35.0,3.0,4.0,11.0,12.0,18.0,0.0,9.29,61.0,4.37,93.0,TLAHUAC,1.8072289156626504,21.084337349397593
9,Tláhuac,Tabla los Pozos,-98.98805555555556,19.283333333333335,142,16.0,0.0,0.0,17.0,5.0,21.0,1.0,7.32,63.0,3.84,103.0,TLAHUAC,0.0,11.267605633802818
9,Tláhuac,Mesita del Capulín,-98.98055555555555,19.3075,22,3.0,0.0,1.0,3.0,2.0,1.0,0.0,7.47,9.0,4.4,8.0,TLAHUAC,0.0,13.636363636363635
9,Tláhuac,Ojo de Agua,-98.96388888888889,19.216666666666665,90,7.0,3.0,3.0,5.0,8.0,17.0,0.0,7.43,28.0,4.74,38.0,TLAHUAC,3.3333333333333335,7.777777777777778
9,Tláhuac,San Miguel (Chinampas),-98.96666666666667,19.219166666666666,77,17.0,2.0,7.0,8.0,0.0,10.0,0.0,8.98,29.0,3.85,69.0,TLAHUAC,2.5974025974025974,22.07792207792208
9,Tláhuac,Xila,-98.95583333333333,19.21972222222222,112,19.0,1.0,2.0,6.0,1.0,12.0,0.0,8.99,34.0,4.48,43.0,TLAHUAC,0.8928571428571428,16.964285714285715
9,Tláhuac,El Tetecon (El Solitario),-99.02472222222222,19.319166666666668,9,0.0,0.0,0.0,0.0,0.0,0.0,0.0,0.0,0.0,0.0,0.0,TLAHUAC,0.0,0.0
9,Tláhuac,Chinampa San Juan,-99.01027777777777,19.272222222222222,25,3.0,0.0,0.0,2.0,2.0,3.0,0.0,8.0,9.0,3.57,11.0,TLAHUAC,0.0,12.0
9,Tláhuac,Paraje Xometitla,-98.96277777777777,19.218888888888888,110,38.0,5.0,9.0,9.0,9.0,20.0,0.0,10.22,50.0,4.07,62.0,TLAHUAC,4.545454545454546,34.54545454545455
9,Tláhuac,San Ignacio de Loyola,-98.95694444444445,19.21611111111111,728,85.0,4.0,9.0,40.0,8.0,81.0,0.0,7.28,260.0,4.36,227.0,TLAHUAC,0.5494505494505495,11.675824175824175
9,Tláhuac,Paraje Ayecac,-98.97,19.225277777777777,60,11.0,0.0,1.0,0.0,3.0,8.0,0.0,8.06,19.0,4.29,40.0,TLAHUAC,0.0,18.333333333333332
9,Tláhuac,La Ciénega,-99.02555555555556,19.28666666666667,376,44.0,1.0,3.0,24.0,3.0,20.0,6.0,7.42,154.0,3.84,169.0,TLAHUAC,0.26595744680851063,11.702127659574469
9,Tláhuac,Chinampas Tetelco,-98.96805555555555,19.217777777777776,55,5.0,0.0,1.0,2.0,0.0,6.0,0.0,8.24,20.0,4.58,7.0,TLAHUAC,0.0,9.090909090909092
9,Tláhuac,Lomas de Xocotlán,-98.96722222222222,19.21222222222222,114,15.0,1.0,3.0,6.0,10.0,18.0,0.0,8.35,53.0,4.38,37.0,TLAHUAC,0.8771929824561403,13.157894736842104
9,Tláhuac,Santa Catarina [Lienzo Charro],-98.96972222222223,19.304722222222225,16,3.0,2.0,2.0,3.0,3.0,3.0,0.0,8.33,6.0,4.0,10.0,TLAHUAC,12.5,18.75
9,Tláhuac,Tierra Blanca Parte Alta,-99.01,19.233055555555556,88,16.0,0.0,0.0,3.0,8.0,10.0,0.0,8.6,38.0,4.19,45.0,TLAHUAC,0.0,18.181818181818183
9,Tláhuac,Rancho las Siete Yuntas,-99.00888888888889,19.228888888888886,216,31.0,6.0,12.0,17.0,17.0,29.0,1.0,7.64,82.0,3.86,101.0,TLAHUAC,2.7777777777777777,14.351851851851851
9,Tláhuac,Las Tablas,-98.99861111111112,19.254722222222224,5,0.0,0.0,0.0,0.0,0.0,0.0,0.0,0.0,0.0,0.0,0.0,TLAHUAC,0.0,0.0
9,Tláhuac,Mina la Estancia,-99.01861111111111,19.31888888888889,22,2.0,0.0,0.0,1.0,1.0,1.0,0.0,7.07,9.0,5.5,3.0,TLAHUAC,0.0,9.090909090909092
9,Tláhuac,Camino a Tlaltenco,-99.02638888888889,19.304166666666667,38,2.0,0.0,0.0,3.0,2.0,2.0,0.0,6.44,12.0,4.75,11.0,TLAHUAC,0.0,5.263157894736842
9,Tláhuac,Prolongación Peña Alta,-99.0075,19.226388888888888,95,12.0,0.0,2.0,8.0,0.0,7.0,2.0,7.85,38.0,3.96,49.0,TLAHUAC,0.0,12.631578947368421
9,Tláhuac,Rancho los Pollitos,-99.005,19.298055555555557,19,8.0,2.0,2.0,3.0,5.0,3.0,0.0,10.58,9.0,3.8,17.0,TLAHUAC,10.526315789473683,42.10526315789473
9,Tláhuac,El Rancho (Rancho la Pistola del Ejido),-98.99277777777777,19.24416666666667,8,0.0,0.0,0.0,0.0,0.0,0.0,0.0,0.0,0.0,0.0,0.0,TLAHUAC,0.0,0.0
9,Tláhuac,Ninguno,-98.98472222222222,19.293055555555558,15,1.0,0.0,0.0,2.0,0.0,0.0,1.0,4.85,10.0,2.14,6.0,TLAHUAC,0.0,6.666666666666667
9,Tláhuac,El Pato,-98.99861111111112,19.250555555555554,303,30.0,2.0,5.0,13.0,12.0,38.0,1.0,7.1,121.0,4.46,169.0,TLAHUAC,0.6600660066006601,9.900990099009901
9,Tláhuac,Ninguno,-98.99444444444444,19.259444444444444,27,3.0,0.0,0.0,0.0,0.0,2.0,0.0,6.27,9.0,4.5,20.0,TLAHUAC,0.0,11.11111111111111
9,Tláhuac,El Paraíso (Mecoxtla),-98.97611111111111,19.324166666666667,592,54.0,3.0,8.0,27.0,33.0,74.0,1.0,7.42,225.0,4.27,338.0,TLAHUAC,0.5067567567567568,9.121621621621621
9,Tláhuac,El Zapote (Colonia Ejidal),-98.96861111111112,19.320555555555554,47,6.0,0.0,1.0,2.0,0.0,5.0,1.0,8.3,16.0,4.7,30.0,TLAHUAC,0.0,12.76595744680851
9,Tláhuac,Ampliación San Miguel,-98.97,19.292222222222225,191,30.0,4.0,9.0,22.0,19.0,33.0,0.0,8.1,81.0,4.34,121.0,TLAHUAC,2.094240837696335,15.706806282722512
9,Tláhuac,Ninguno,-98.995,19.298333333333336,1,0.0,0.0,0.0,0.0,0.0,0.0,0.0,0.0,0.0,0.0,0.0,TLAHUAC,0.0,0.0
9,Tláhuac,Ninguno,-99.02388888888889,19.305833333333332,12,1.0,0.0,1.0,1.0,1.0,3.0,0.0,7.0,5.0,2.4,1.0,TLAHUAC,0.0,8.333333333333332
9,Tláhuac,Ninguno,-99.01638888888888,19.301944444444445,41,8.0,1.0,1.0,3.0,2.0,4.0,1.0,8.19,18.0,4.56,33.0,TLAHUAC,2.4390243902439024,19.51219512195122
9,Tláhuac,Ninguno,-99.01222222222222,19.303333333333335,6,0.0,0.0,0.0,0.0,0.0,0.0,0.0,0.0,0.0,0.0,0.0,TLAHUAC,0.0,0.0
9,Tláhuac,Prolongación el Rosario,-99.01138888888889,19.234722222222224,91,15.0,3.0,6.0,6.0,6.0,7.0,6.0,7.19,39.0,3.79,20.0,TLAHUAC,3.296703296703297,16.483516483516482
9,Tláhuac,La Nopalera,-99.0125,19.238055555555558,11,2.0,0.0,1.0,0.0,1.0,2.0,0.0,8.13,6.0,2.75,4.0,TLAHUAC,0.0,18.181818181818183
9,Tláhuac,Ninguno,-98.99472222222222,19.294444444444448,20,3.0,0.0,0.0,1.0,1.0,3.0,0.0,8.31,9.0,4.0,6.0,TLAHUAC,0.0,15.0
9,Tláhuac,Localidades de una vivienda,,,21,3.0,0.0,0.0,3.0,0.0,1.0,0.0,0.0,9.0,0.0,15.0,TLAHUAC,0.0,14.285714285714285
9,Tláhuac,Localidades de dos viviendas,,,8,0.0,0.0,0.0,0.0,0.0,0.0,0.0,0.0,3.0,0.0,0.0,TLAHUAC,0.0,0.0
9,Tlalpan,Total del Municipio,,,650567,251510.0,73190.0,88557.0,93122.0,123934.0,134395.0,530.0,10.7,294694.0,3.7,367618.0,TLALPAN,11.25018637588442,38.660122631489145
9,Tlalpan,Tlalpan,-99.22500000000001,19.308333333333334,574577,236669.0,70544.0,84427.0,86237.0,115562.0,123544.0,332.0,10.97,263096.0,3.64,332789.0,TLALPAN,12.27755374823566,41.19012769393832
9,Tlalpan,Parres (El Guarda),-99.17333333333333,19.13611111111111,2589,365.0,77.0,107.0,250.0,265.0,414.0,10.0,7.71,1067.0,4.27,1269.0,TLALPAN,2.9741212823483973,14.098107377365778
9,Tlalpan,San Miguel Ajusco,-99.205,19.21722222222222,29781,6679.0,1423.0,1986.0,2948.0,3766.0,4527.0,59.0,8.87,12812.0,4.1,14805.0,TLALPAN,4.778214297706591,22.427050804204026
9,Tlalpan,San Miguel Topilejo,-99.14166666666668,19.200555555555553,34603,6330.0,990.0,1718.0,2790.0,3877.0,4903.0,68.0,8.33,13969.0,4.31,14829.0,TLALPAN,2.861023610669595,18.293211571251046
9,Tlalpan,Ampliación las Cruces,-99.23305555555555,19.19361111111111,11,6.0,1.0,1.0,2.0,5.0,3.0,1.0,10.27,9.0,1.83,3.0,TLALPAN,9.090909090909092,54.54545454545454
9,Tlalpan,La Cima Uno [Campamento Forestal],-99.19444444444444,19.104722222222225,1,0.0,0.0,0.0,0.0,0.0,0.0,0.0,0.0,0.0,0.0,0.0,TLALPAN,0.0,0.0
9,Tlalpan,Apapaxtles,-99.23444444444445,19.205277777777777,4,0.0,0.0,0.0,0.0,0.0,0.0,0.0,0.0,0.0,0.0,0.0,TLALPAN,0.0,0.0
9,Tlalpan,Paraje Cercatenco,-99.22361111111111,19.204722222222223,3,0.0,0.0,0.0,0.0,0.0,0.0,0.0,0.0,0.0,0.0,0.0,TLALPAN,0.0,0.0
9,Tlalpan,Acueducto,-99.20972222222223,19.204722222222223,149,12.0,1.0,4.0,11.0,5.0,20.0,0.0,7.37,58.0,4.52,76.0,TLALPAN,0.6711409395973155,8.053691275167784
9,Tlalpan,Cuamino,-99.23277777777778,19.2075,20,10.0,2.0,2.0,2.0,2.0,2.0,1.0,14.43,11.0,5.67,17.0,TLALPAN,10.0,50.0
9,Tlalpan,Las Cruces,-99.23944444444444,19.197222222222223,4,0.0,0.0,0.0,0.0,0.0,0.0,0.0,0.0,0.0,0.0,0.0,TLALPAN,0.0,0.0
9,Tlalpan,El Crucero (SEDECO),-99.16222222222223,19.154722222222222,36,3.0,0.0,1.0,1.0,1.0,2.0,1.0,6.64,13.0,4.0,14.0,TLALPAN,0.0,8.333333333333332
9,Tlalpan,Estación la Cima,-99.19555555555556,19.11416666666667,6,4.0,0.0,0.0,1.0,0.0,0.0,0.0,13.0,3.0,2.0,1.0,TLALPAN,0.0,66.66666666666666
9,Tlalpan,Xacatixtla (Granja la Garriga),-99.16972222222223,19.19638888888889,14,4.0,0.0,1.0,3.0,2.0,2.0,0.0,8.31,6.0,4.67,4.0,TLALPAN,0.0,28.57142857142857
9,Tlalpan,Colonia Héroes de 1910,-99.23722222222223,19.24638888888889,331,111.0,8.0,24.0,62.0,2.0,69.0,0.0,10.08,147.0,3.23,148.0,TLALPAN,2.416918429003021,33.53474320241692
9,Tlalpan,Rancho las Raíces,-99.1575,19.16888888888889,21,4.0,0.0,0.0,2.0,1.0,2.0,0.0,7.25,9.0,5.25,2.0,TLALPAN,0.0,19.047619047619047
9,Tlalpan,Kilómetro 37,-99.16527777777779,19.147222222222222,42,3.0,1.0,1.0,2.0,0.0,4.0,0.0,7.46,15.0,4.67,12.0,TLALPAN,2.380952380952381,7.142857142857142
9,Tlalpan,Kilómetro 33.5,-99.16000000000001,19.178055555555556,61,1.0,0.0,1.0,10.0,0.0,2.0,0.0,5.53,21.0,4.07,21.0,TLALPAN,0.0,1.639344262295082
9,Tlalpan,Lomas de Tepemecatl,-99.23944444444444,19.238611111111112,1392,170.0,8.0,27.0,161.0,2.0,91.0,7.0,7.75,564.0,4.18,414.0,TLALPAN,0.5747126436781609,12.21264367816092
9,Tlalpan,El Oyamel,-99.21444444444445,19.203333333333333,17,4.0,1.0,2.0,2.0,1.0,3.0,0.0,10.4,7.0,4.25,12.0,TLALPAN,5.88235294117647,23.52941176470588
9,Tlalpan,El Paraíso,-99.21527777777779,19.20638888888889,13,5.0,0.0,2.0,3.0,3.0,2.0,0.0,11.1,4.0,3.25,7.0,TLALPAN,0.0,38.46153846153847
9,Tlalpan,Piedra Larga,-99.13777777777779,19.191388888888888,247,20.0,1.0,5.0,12.0,7.0,18.0,4.0,6.33,95.0,3.98,94.0,TLALPAN,0.4048582995951417,8.097165991902834
9,Tlalpan,Rancho Roberto Camacho,-99.17361111111111,19.161666666666665,1,0.0,0.0,0.0,0.0,0.0,0.0,0.0,0.0,0.0,0.0,0.0,TLALPAN,0.0,0.0
9,Tlalpan,Rancho San Carlos,-99.23777777777778,19.203333333333333,3,0.0,0.0,0.0,0.0,0.0,0.0,0.0,0.0,0.0,0.0,0.0,TLALPAN,0.0,0.0
9,Tlalpan,Rancho Santísima Trinidad,-99.1738888888889,19.201666666666664,12,0.0,0.0,0.0,2.0,0.0,2.0,0.0,7.29,4.0,4.0,8.0,TLALPAN,0.0,0.0
9,Tlalpan,Seminario Nazareno,-99.16027777777778,19.154444444444444,6,5.0,1.0,2.0,1.0,3.0,1.0,0.0,15.0,6.0,2.0,4.0,TLALPAN,16.666666666666664,83.33333333333334
9,Tlalpan,El Pedregal,-99.20777777777778,19.233055555555556,275,23.0,1.0,4.0,28.0,3.0,21.0,4.0,6.79,119.0,3.9,123.0,TLALPAN,0.36363636363636365,8.363636363636363
9,Tlalpan,El Sifón,-99.16861111111112,19.16333333333333,96,3.0,0.0,0.0,5.0,0.0,2.0,0.0,5.5,39.0,5.05,13.0,TLALPAN,0.0,3.125
9,Tlalpan,Kilómetro 17 (Circuito Ajusco),-99.23166666666667,19.218055555555555,3,0.0,0.0,0.0,0.0,0.0,0.0,0.0,0.0,0.0,0.0,0.0,TLALPAN,0.0,0.0
9,Tlalpan,Xalcuitongo (La Asunción),-99.14694444444446,19.18,147,22.0,1.0,2.0,11.0,11.0,14.0,0.0,7.83,57.0,5.14,31.0,TLALPAN,0.6802721088435374,14.965986394557824
9,Tlalpan,Prolongación las Rosas,-99.13472222222222,19.188333333333333,123,18.0,2.0,2.0,5.0,7.0,6.0,0.0,8.24,52.0,4.44,42.0,TLALPAN,1.6260162601626018,14.634146341463413
9,Tlalpan,La Trinidad,-99.22,19.21,10,6.0,0.0,2.0,3.0,0.0,3.0,0.0,12.5,8.0,2.5,10.0,TLALPAN,0.0,60.0
9,Tlalpan,Siete Ocotes,-99.15777777777778,19.161666666666665,51,6.0,1.0,1.0,1.0,1.0,3.0,0.0,5.42,23.0,4.25,9.0,TLALPAN,1.9607843137254901,11.76470588235294
9,Tlalpan,El Charco,-99.22555555555556,19.234444444444446,65,10.0,0.0,1.0,8.0,1.0,1.0,1.0,7.3,34.0,4.33,47.0,TLALPAN,0.0,15.384615384615385
9,Tlalpan,Rancho Kyalami,-99.23194444444445,19.202222222222222,7,0.0,0.0,0.0,0.0,0.0,0.0,0.0,0.0,0.0,0.0,0.0,TLALPAN,0.0,0.0
9,Tlalpan,Los Sauces,-99.23,19.199166666666667,7,0.0,0.0,0.0,0.0,0.0,0.0,0.0,0.0,0.0,0.0,0.0,TLALPAN,0.0,0.0
9,Tlalpan,Rancho San Francisco,-99.23027777777779,19.21472222222222,6,0.0,0.0,0.0,0.0,0.0,0.0,0.0,0.0,0.0,0.0,0.0,TLALPAN,0.0,0.0
9,Tlalpan,Cortijo Atonco,-99.23222222222222,19.210555555555555,22,9.0,3.0,3.0,4.0,6.0,4.0,0.0,10.94,10.0,3.67,8.0,TLALPAN,13.636363636363635,40.909090909090914
9,Tlalpan,Paraje el Cofrecito,-99.24194444444444,19.24527777777778,6,0.0,0.0,0.0,0.0,0.0,0.0,0.0,0.0,0.0,0.0,0.0,TLALPAN,0.0,0.0
9,Tlalpan,Rancho Espiridión,-99.23472222222222,19.212777777777777,8,0.0,0.0,0.0,0.0,0.0,0.0,0.0,0.0,0.0,0.0,0.0,TLALPAN,0.0,0.0
9,Tlalpan,Rancho los Compadres,-99.22694444444444,19.21388888888889,7,2.0,1.0,1.0,2.0,1.0,1.0,0.0,10.0,3.0,2.0,1.0,TLALPAN,14.285714285714285,28.57142857142857
9,Tlalpan,Rancho el Paraíso,-99.23027777777779,19.21361111111111,26,7.0,2.0,3.0,5.0,3.0,4.0,1.0,9.53,14.0,2.89,8.0,TLALPAN,7.6923076923076925,26.923076923076923
9,Tlalpan,Rancho los Pioneros,-99.23027777777779,19.20722222222222,16,2.0,0.0,0.0,2.0,0.0,2.0,0.0,6.86,3.0,5.33,11.0,TLALPAN,0.0,12.5
9,Tlalpan,Hacienda el Arenal,-99.19111111111111,19.23888888888889,5,0.0,0.0,0.0,0.0,0.0,0.0,0.0,0.0,0.0,0.0,0.0,TLALPAN,0.0,0.0
9,Tlalpan,Rancho San Nicolás,-99.22722222222222,19.215555555555554,5,0.0,0.0,0.0,0.0,0.0,0.0,0.0,0.0,0.0,0.0,0.0,TLALPAN,0.0,0.0
9,Tlalpan,El Arenal,-99.18527777777778,19.233055555555556,90,8.0,0.0,1.0,3.0,3.0,12.0,1.0,7.27,38.0,3.75,24.0,TLALPAN,0.0,8.88888888888889
9,Tlalpan,Cuanejaque,-99.17916666666667,19.195555555555554,199,22.0,0.0,3.0,20.0,0.0,17.0,0.0,6.64,85.0,3.62,144.0,TLALPAN,0.0,11.055276381909549
9,Tlalpan,El Oyameyo,-99.17166666666667,19.18861111111111,183,52.0,10.0,15.0,21.0,18.0,27.0,2.0,10.05,82.0,3.52,72.0,TLALPAN,5.46448087431694,28.415300546448087
9,Tlalpan,Parada Oyameyo (Kilómetro 31.5),-99.16611111111112,19.191111111111113,80,37.0,6.0,11.0,15.0,12.0,17.0,0.0,11.22,41.0,3.64,17.0,TLALPAN,7.5,46.25
9,Tlalpan,Paraje la Campana (Kilómetro 12),-99.24361111111111,19.251666666666665,11,4.0,0.0,1.0,3.0,2.0,3.0,0.0,8.3,8.0,2.2,5.0,TLALPAN,0.0,36.36363636363637
9,Tlalpan,Paraje la Rufina,-99.23305555555555,19.231111111111108,24,5.0,1.0,1.0,3.0,0.0,0.0,0.0,9.77,6.0,6.0,0.0,TLALPAN,4.166666666666666,20.833333333333336
9,Tlalpan,El Cráter,-99.21388888888889,19.233333333333334,70,4.0,0.0,0.0,10.0,0.0,1.0,1.0,7.07,31.0,3.72,43.0,TLALPAN,0.0,5.714285714285714
9,Tlalpan,Rancho el Alambrado,-99.2461111111111,19.229166666666664,2,0.0,0.0,0.0,0.0,0.0,0.0,0.0,0.0,0.0,0.0,0.0,TLALPAN,0.0,0.0
9,Tlalpan,El Hilar,-99.23361111111112,19.22833333333333,113,17.0,0.0,0.0,4.0,0.0,0.0,11.0,7.96,41.0,3.77,19.0,TLALPAN,0.0,15.04424778761062
9,Tlalpan,Paraje el Abrevadero,-99.24388888888889,19.224444444444444,7,0.0,0.0,0.0,0.0,0.0,0.0,0.0,0.0,0.0,0.0,0.0,TLALPAN,0.0,0.0
9,Tlalpan,Xomulco (Oyamertonco),-99.2275,19.21638888888889,46,10.0,2.0,4.0,5.0,5.0,6.0,0.0,9.0,17.0,4.18,19.0,TLALPAN,4.3478260869565215,21.73913043478261
9,Tlalpan,Rancho Santa Rosa,-99.2325,19.208333333333332,13,0.0,0.0,0.0,0.0,0.0,0.0,0.0,0.0,0.0,0.0,0.0,TLALPAN,0.0,0.0
9,Tlalpan,Los Manueles,-99.23972222222223,19.197777777777777,1,0.0,0.0,0.0,0.0,0.0,0.0,0.0,0.0,0.0,0.0,0.0,TLALPAN,0.0,0.0
9,Tlalpan,Rancho Chico,-99.23388888888888,19.198055555555555,7,0.0,0.0,0.0,0.0,0.0,0.0,0.0,0.0,0.0,0.0,0.0,TLALPAN,0.0,0.0
9,Tlalpan,Quinta Santa Rosa,-99.17527777777778,19.20611111111111,14,1.0,0.0,0.0,1.0,0.0,0.0,2.0,4.63,5.0,4.67,0.0,TLALPAN,0.0,7.142857142857142
9,Tlalpan,La Morucha,-99.17416666666666,19.193055555555556,5,0.0,0.0,0.0,0.0,0.0,0.0,0.0,0.0,0.0,0.0,0.0,TLALPAN,0.0,0.0
9,Tlalpan,Rancho San Patricio,-99.18138888888889,19.18777777777778,13,0.0,0.0,0.0,3.0,0.0,0.0,0.0,6.0,6.0,4.33,7.0,TLALPAN,0.0,0.0
9,Tlalpan,Barranquilla,-99.185,19.1875,6,2.0,1.0,1.0,1.0,0.0,1.0,0.0,7.8,4.0,1.5,4.0,TLALPAN,16.666666666666664,33.33333333333333
9,Tlalpan,Rancho Mezontepec,-99.23333333333333,19.186944444444446,2,0.0,0.0,0.0,0.0,0.0,0.0,0.0,0.0,0.0,0.0,0.0,TLALPAN,0.0,0.0
9,Tlalpan,Aguatenco,-99.14416666666668,19.183611111111112,31,5.0,2.0,1.0,0.0,2.0,5.0,0.0,7.96,14.0,5.17,16.0,TLALPAN,6.451612903225806,16.129032258064516
9,Tlalpan,El Sicomoro,-99.17583333333334,19.190555555555555,5,0.0,0.0,0.0,0.0,0.0,0.0,0.0,0.0,0.0,0.0,0.0,TLALPAN,0.0,0.0
9,Tlalpan,Tlamenelolpa (Los Encinos),-99.17361111111111,19.190277777777776,6,0.0,0.0,0.0,0.0,0.0,0.0,0.0,0.0,0.0,0.0,0.0,TLALPAN,0.0,0.0
9,Tlalpan,La Providencia,-99.16472222222222,19.18888888888889,37,1.0,0.0,0.0,6.0,4.0,3.0,0.0,6.76,8.0,4.63,30.0,TLALPAN,0.0,2.7027027027027026
9,Tlalpan,Finca Trancas,-99.16611111111112,19.18638888888889,16,8.0,2.0,4.0,5.0,3.0,4.0,0.0,13.6,5.0,3.2,7.0,TLALPAN,12.5,50.0
9,Tlalpan,Paraje Temazcaltitla (Kilómetro 32.2),-99.16305555555556,19.185555555555556,22,3.0,0.0,1.0,0.0,1.0,3.0,0.0,8.64,8.0,5.5,7.0,TLALPAN,0.0,13.636363636363635
9,Tlalpan,Paraje de Apantenco,-99.14805555555556,19.18277777777778,163,18.0,2.0,5.0,12.0,4.0,18.0,2.0,6.97,65.0,3.88,43.0,TLALPAN,1.2269938650306749,11.042944785276074
9,Tlalpan,Totoapan,-99.15055555555556,19.174444444444447,10,0.0,0.0,0.0,0.0,0.0,0.0,0.0,0.0,0.0,0.0,0.0,TLALPAN,0.0,0.0
9,Tlalpan,Colonia Ocotla,-99.15972222222223,19.21472222222222,30,1.0,0.0,0.0,2.0,1.0,1.0,0.0,5.94,11.0,3.75,11.0,TLALPAN,0.0,3.3333333333333335
9,Tlalpan,Kilómetro 29.5,-99.15666666666667,19.205555555555556,16,8.0,1.0,2.0,3.0,2.0,4.0,1.0,11.31,12.0,3.2,9.0,TLALPAN,6.25,50.0
9,Tlalpan,Kilómetro 30,-99.15861111111111,19.203888888888887,112,33.0,6.0,12.0,22.0,8.0,19.0,0.0,8.88,54.0,3.61,77.0,TLALPAN,5.357142857142857,29.464285714285715
9,Tlalpan,Kilómetro 30.5,-99.16583333333334,19.20111111111111,194,26.0,0.0,2.0,18.0,5.0,19.0,1.0,7.79,76.0,4.22,96.0,TLALPAN,0.0,13.402061855670103
9,Tlalpan,José María Morelos,-99.2213888888889,19.209166666666665,7,0.0,0.0,0.0,0.0,0.0,0.0,0.0,0.0,0.0,0.0,0.0,TLALPAN,0.0,0.0
9,Tlalpan,Ocotla Chico,-99.16805555555555,19.210833333333333,489,48.0,0.0,13.0,28.0,2.0,62.0,2.0,6.99,175.0,4.32,227.0,TLALPAN,0.0,9.815950920245399
9,Tlalpan,Paraje Atonco,-99.23194444444445,19.212777777777777,17,1.0,0.0,1.0,0.0,0.0,1.0,0.0,5.0,8.0,2.83,1.0,TLALPAN,0.0,5.88235294117647
9,Tlalpan,La Herradura,-99.19555555555556,19.23611111111111,424,51.0,8.0,10.0,32.0,47.0,57.0,0.0,7.49,182.0,4.56,163.0,TLALPAN,1.8867924528301887,12.028301886792454
9,Tlalpan,Carretera al Ajusco,-99.18833333333333,19.235277777777778,24,3.0,0.0,0.0,2.0,2.0,3.0,0.0,7.94,9.0,3.43,14.0,TLALPAN,0.0,12.5
9,Tlalpan,El Pedregal,-99.20083333333334,19.235,21,2.0,1.0,1.0,2.0,1.0,2.0,0.0,8.36,9.0,3.0,8.0,TLALPAN,4.761904761904762,9.523809523809524
9,Tlalpan,Chahualixcatitla,-99.16638888888889,19.18166666666667,18,5.0,0.0,0.0,0.0,0.0,5.0,0.0,9.92,7.0,2.57,16.0,TLALPAN,0.0,27.77777777777778
9,Tlalpan,Rancho San José,-99.16444444444446,19.171666666666667,20,0.0,0.0,0.0,0.0,0.0,1.0,1.0,4.0,5.0,5.0,2.0,TLALPAN,0.0,0.0
9,Tlalpan,Pedro Moreno,-99.21555555555555,19.2075,33,17.0,4.0,5.0,4.0,4.0,5.0,0.0,12.55,15.0,4.71,32.0,TLALPAN,12.121212121212121,51.515151515151516
9,Tlalpan,Colonia San Juan,-99.21111111111111,19.20722222222222,206,28.0,3.0,8.0,20.0,8.0,31.0,1.0,7.78,83.0,3.85,82.0,TLALPAN,1.4563106796116505,13.592233009708737
9,Tlalpan,Colonia Aguayoto,-99.21694444444445,19.205277777777777,284,62.0,2.0,7.0,24.0,33.0,46.0,0.0,8.3,137.0,3.64,104.0,TLALPAN,0.7042253521126761,21.830985915492956
9,Tlalpan,Los Encinos,-99.13027777777778,19.196944444444444,49,5.0,0.0,0.0,2.0,0.0,1.0,1.0,5.97,20.0,4.45,17.0,TLALPAN,0.0,10.204081632653061
9,Tlalpan,Kilómetro 32.1,-99.16444444444446,19.188055555555557,43,18.0,7.0,7.0,12.0,9.0,11.0,0.0,11.94,21.0,2.87,19.0,TLALPAN,16.27906976744186,41.86046511627907
9,Tlalpan,Lienzo Charro Pepe Castro,-99.20305555555557,19.19527777777778,15,2.0,1.0,1.0,2.0,2.0,2.0,0.0,8.38,6.0,4.0,4.0,TLALPAN,6.666666666666667,13.333333333333334
9,Tlalpan,Tres Vientos,-99.21527777777779,19.18277777777778,9,2.0,0.0,0.0,2.0,0.0,1.0,0.0,8.0,4.0,3.0,4.0,TLALPAN,0.0,22.22222222222222
9,Tlalpan,Kilómetro 7.5 (Circuito Ajusco),-99.22,19.26722222222222,24,1.0,0.0,0.0,1.0,0.0,3.0,0.0,6.67,5.0,6.0,6.0,TLALPAN,0.0,4.166666666666666
9,Tlalpan,Camino a la Venta,-99.19361111111111,19.21944444444444,30,2.0,0.0,0.0,2.0,1.0,5.0,1.0,6.45,15.0,4.29,0.0,TLALPAN,0.0,6.666666666666667
9,Tlalpan,Paraje la Monera,-99.18916666666667,19.2375,35,6.0,1.0,1.0,2.0,5.0,3.0,2.0,7.59,11.0,3.89,7.0,TLALPAN,2.857142857142857,17.142857142857142
9,Tlalpan,El Tianguillo (Kilómetro 19.5),-99.25111111111111,19.22722222222222,1,0.0,0.0,0.0,0.0,0.0,0.0,0.0,0.0,0.0,0.0,0.0,TLALPAN,0.0,0.0
9,Tlalpan,Criadero Kodik,-99.23805555555556,19.223611111111108,4,0.0,0.0,0.0,0.0,0.0,0.0,0.0,0.0,0.0,0.0,0.0,TLALPAN,0.0,0.0
9,Tlalpan,Camino Cantera Cantil,-99.15138888888889,19.215,13,0.0,0.0,0.0,0.0,0.0,0.0,0.0,0.0,0.0,0.0,0.0,TLALPAN,0.0,0.0
9,Tlalpan,Cuauhtenco,-99.15,19.21722222222222,9,0.0,0.0,0.0,0.0,0.0,0.0,0.0,0.0,0.0,0.0,0.0,TLALPAN,0.0,0.0
9,Tlalpan,Huehuecalli,-99.24027777777778,19.25722222222222,1,0.0,0.0,0.0,0.0,0.0,0.0,0.0,0.0,0.0,0.0,0.0,TLALPAN,0.0,0.0
9,Tlalpan,Ejidos de San Andrés Totoltepec,-99.22833333333334,19.252222222222223,139,10.0,0.0,1.0,18.0,1.0,5.0,3.0,6.88,67.0,4.25,17.0,TLALPAN,0.0,7.194244604316546
9,Tlalpan,Área de los Venados (La SIREFA),-99.19972222222222,19.246111111111112,2,0.0,0.0,0.0,0.0,0.0,0.0,0.0,0.0,0.0,0.0,0.0,TLALPAN,0.0,0.0
9,Tlalpan,Cabaña del Xitle,-99.22166666666666,19.23222222222222,71,12.0,0.0,1.0,9.0,2.0,3.0,1.0,8.27,32.0,4.44,36.0,TLALPAN,0.0,16.901408450704224
9,Tlalpan,Prolongación Narciso Mendoza,-99.20416666666667,19.23638888888889,109,22.0,3.0,3.0,12.0,6.0,8.0,1.0,8.53,49.0,3.63,47.0,TLALPAN,2.7522935779816518,20.18348623853211
9,Tlalpan,Prolongación Acueducto,-99.205,19.199166666666667,27,8.0,0.0,1.0,1.0,2.0,2.0,0.0,8.87,8.0,4.5,10.0,TLALPAN,0.0,29.629629629629626
9,Tlalpan,Rancho el Tordi...yo,-99.23694444444445,19.205,5,0.0,0.0,0.0,0.0,0.0,0.0,0.0,0.0,0.0,0.0,0.0,TLALPAN,0.0,0.0
9,Tlalpan,Rancho Yamel,-99.22722222222222,19.216944444444444,10,2.0,1.0,1.0,2.0,2.0,1.0,0.0,7.6,3.0,3.33,0.0,TLALPAN,10.0,20.0
9,Tlalpan,Kilómetro 14.5,-99.22694444444444,19.22694444444444,6,0.0,0.0,0.0,0.0,0.0,0.0,0.0,0.0,0.0,0.0,0.0,TLALPAN,0.0,0.0
9,Tlalpan,Rancho Tres Hermanos,-99.22694444444444,19.191111111111113,13,4.0,0.0,1.0,3.0,1.0,2.0,0.0,10.38,6.0,3.25,8.0,TLALPAN,0.0,30.76923076923077
9,Tlalpan,Kilómetro 33.5 Circuito Ajusco,-99.22972222222222,19.19638888888889,2,0.0,0.0,0.0,0.0,0.0,0.0,0.0,0.0,0.0,0.0,0.0,TLALPAN,0.0,0.0
9,Tlalpan,Rancho Matamoros,-99.23222222222222,19.198611111111113,8,0.0,0.0,0.0,0.0,0.0,0.0,0.0,0.0,0.0,0.0,0.0,TLALPAN,0.0,0.0
9,Tlalpan,Rancho Valentina,-99.23305555555555,19.19611111111111,17,6.0,2.0,2.0,3.0,3.0,3.0,0.0,7.63,11.0,4.25,2.0,TLALPAN,11.76470588235294,35.294117647058826
9,Tlalpan,Ermita Ajusco,-99.20527777777778,19.203611111111112,6,0.0,0.0,0.0,0.0,0.0,0.0,0.0,0.0,0.0,0.0,0.0,TLALPAN,0.0,0.0
9,Tlalpan,El Cedral,-99.20527777777778,19.20861111111111,41,7.0,1.0,1.0,2.0,1.0,5.0,0.0,9.04,16.0,4.38,16.0,TLALPAN,2.4390243902439024,17.073170731707318
9,Tlalpan,Las Calaveras,-99.20138888888889,19.20888888888889,26,8.0,1.0,4.0,5.0,4.0,5.0,0.0,10.13,6.0,3.33,7.0,TLALPAN,3.8461538461538463,30.76923076923077
9,Tlalpan,Los Tlapancos,-99.19166666666668,19.204722222222223,79,6.0,0.0,0.0,9.0,1.0,2.0,1.0,7.2,28.0,3.16,43.0,TLALPAN,0.0,7.59493670886076
9,Tlalpan,Carretera al Ajusco II,-99.19083333333333,19.232499999999998,135,10.0,0.0,0.0,5.0,8.0,9.0,0.0,7.46,43.0,4.38,57.0,TLALPAN,0.0,7.4074074074074066
9,Tlalpan,Las Canteras,-99.15472222222223,19.21611111111111,32,2.0,0.0,0.0,0.0,1.0,1.0,0.0,7.79,9.0,4.57,4.0,TLALPAN,0.0,6.25
9,Tlalpan,Camino Antiguo a Cuernavaca,-99.15138888888889,19.18111111111111,29,4.0,0.0,0.0,0.0,0.0,0.0,0.0,7.29,8.0,4.83,10.0,TLALPAN,0.0,13.793103448275861
9,Tlalpan,Cañada del Acueducto,-99.21083333333334,19.203055555555554,51,14.0,0.0,2.0,5.0,4.0,8.0,0.0,9.22,23.0,3.4,14.0,TLALPAN,0.0,27.450980392156865
9,Tlalpan,Acueducto 1ra. Sección,-99.21333333333334,19.205555555555556,32,1.0,0.0,0.0,1.0,1.0,5.0,0.0,6.55,12.0,4.0,8.0,TLALPAN,0.0,3.125
9,Tlalpan,El Arcoiris,-99.21305555555556,19.20861111111111,61,13.0,3.0,6.0,6.0,5.0,9.0,0.0,8.33,23.0,4.46,26.0,TLALPAN,4.918032786885246,21.311475409836063
9,Tlalpan,Rancho Ahuayoto,-99.21472222222222,19.205277777777777,10,2.0,1.0,1.0,2.0,1.0,2.0,0.0,9.71,4.0,3.33,6.0,TLALPAN,10.0,20.0
9,Tlalpan,Rancho Ojo de Agua,-99.24055555555556,19.20138888888889,5,0.0,0.0,0.0,0.0,0.0,0.0,0.0,0.0,0.0,0.0,0.0,TLALPAN,0.0,0.0
9,Tlalpan,Tepelancoxtla,-99.18111111111112,19.190555555555555,3,0.0,0.0,0.0,0.0,0.0,0.0,0.0,0.0,0.0,0.0,0.0,TLALPAN,0.0,0.0
9,Tlalpan,Ninguno,-99.20305555555557,19.205555555555556,134,13.0,0.0,3.0,7.0,0.0,16.0,0.0,7.01,47.0,4.06,54.0,TLALPAN,0.0,9.701492537313433
9,Tlalpan,Cuailacastitla,-99.1675,19.184444444444445,13,1.0,0.0,0.0,2.0,0.0,4.0,0.0,4.45,8.0,2.6,5.0,TLALPAN,0.0,7.6923076923076925
9,Tlalpan,Paraje Tlalmenelolpa,-99.17083333333333,19.192222222222224,76,16.0,4.0,7.0,8.0,10.0,14.0,0.0,7.26,34.0,3.62,42.0,TLALPAN,5.263157894736842,21.052631578947366
9,Tlalpan,Teteocotla,-99.16111111111111,19.180555555555557,82,6.0,0.0,3.0,13.0,0.0,10.0,1.0,7.33,37.0,3.57,35.0,TLALPAN,0.0,7.317073170731707
9,Tlalpan,Rancho Viejo,-99.24472222222222,19.259722222222223,39,4.0,0.0,1.0,2.0,0.0,1.0,0.0,6.69,19.0,4.88,15.0,TLALPAN,0.0,10.256410256410255
9,Tlalpan,Paraje el Negro,-99.24583333333334,19.266666666666666,12,0.0,0.0,0.0,0.0,0.0,0.0,0.0,0.0,0.0,0.0,0.0,TLALPAN,0.0,0.0
9,Tlalpan,Ololica,-99.17277777777778,19.21388888888889,54,14.0,1.0,2.0,5.0,1.0,2.0,0.0,9.05,25.0,4.15,34.0,TLALPAN,1.8518518518518516,25.925925925925924
9,Tlalpan,Ninguno,-99.17277777777778,19.195833333333333,9,0.0,0.0,0.0,0.0,0.0,0.0,0.0,0.0,0.0,0.0,0.0,TLALPAN,0.0,0.0
9,Tlalpan,Kilómetro 31,-99.16694444444445,19.19527777777778,34,9.0,2.0,4.0,5.0,1.0,6.0,0.0,8.24,12.0,3.78,30.0,TLALPAN,5.88235294117647,26.47058823529412
9,Tlalpan,La Loma,-99.14583333333334,19.16333333333333,4,0.0,0.0,0.0,0.0,0.0,0.0,0.0,0.0,0.0,0.0,0.0,TLALPAN,0.0,0.0
9,Tlalpan,La Reja,-99.14277777777778,19.170555555555556,10,1.0,0.0,1.0,1.0,0.0,0.0,0.0,8.25,3.0,1.33,0.0,TLALPAN,0.0,10.0
9,Tlalpan,Popocotla,-99.15833333333335,19.184722222222224,33,6.0,0.0,0.0,4.0,0.0,2.0,2.0,8.62,13.0,4.71,6.0,TLALPAN,0.0,18.181818181818183
9,Tlalpan,Colonia Cuauhtenco (Kilómetro 27),-99.14722222222223,19.216666666666665,38,6.0,0.0,1.0,2.0,1.0,6.0,0.0,7.37,16.0,3.45,36.0,TLALPAN,0.0,15.789473684210526
9,Tlalpan,Kilómetro 28 Sur,-99.15166666666667,19.2125,232,33.0,4.0,11.0,26.0,28.0,37.0,0.0,7.9,84.0,4.14,157.0,TLALPAN,1.7241379310344827,14.224137931034484
9,Tlalpan,Paraje Buenavista,-99.14694444444446,19.209444444444443,1,0.0,0.0,0.0,0.0,0.0,0.0,0.0,0.0,0.0,0.0,0.0,TLALPAN,0.0,0.0
9,Tlalpan,Rancho los Encinos,-99.14305555555556,19.215555555555554,23,3.0,0.0,0.0,3.0,0.0,3.0,0.0,8.29,12.0,3.83,20.0,TLALPAN,0.0,13.043478260869565
9,Tlalpan,Tezontitla,-99.15,19.209444444444443,721,178.0,29.0,39.0,66.0,107.0,124.0,0.0,8.63,320.0,4.1,590.0,TLALPAN,4.0221914008321775,24.687933425797503
9,Tlalpan,Localidades de una vivienda,,,86,24.0,4.0,5.0,8.0,7.0,11.0,0.0,0.0,43.0,0.0,38.0,TLALPAN,4.651162790697675,27.906976744186046
9,Tlalpan,Localidades de dos viviendas,,,133,34.0,5.0,8.0,19.0,15.0,18.0,3.0,0.0,66.0,0.0,57.0,TLALPAN,3.7593984962406015,25.563909774436087
9,Xochimilco,Total del Municipio,,,415007,143324.0,31876.0,42185.0,44093.0,66466.0,72325.0,538.0,10.15,182565.0,3.98,222238.0,XOCHIMILCO,7.680834299180496,34.53532109096955
9,Xochimilco,Xochimilco,-99.1388888888889,19.275,407885,142213.0,31744.0,41942.0,43614.0,66006.0,71577.0,485.0,10.19,179625.0,3.97,218861.0,XOCHIMILCO,7.782585777854052,34.86595486472903
9,Xochimilco,Tepemimilco,-99.12388888888889,19.22611111111111,19,8.0,1.0,2.0,1.0,4.0,1.0,0.0,12.25,5.0,4.75,16.0,XOCHIMILCO,5.263157894736842,42.10526315789473
9,Xochimilco,Paraje Izotitla,-99.05749999999999,19.237222222222222,160,20.0,2.0,2.0,5.0,8.0,10.0,0.0,8.1,61.0,4.21,57.0,XOCHIMILCO,1.25,12.5
9,Xochimilco,Paraje la Huerta,-99.07027777777778,19.259722222222223,8,0.0,0.0,0.0,0.0,0.0,0.0,0.0,0.0,0.0,0.0,0.0,XOCHIMILCO,0.0,0.0
9,Xochimilco,Paraje Lila (El Ladrillo),-99.07916666666667,19.2625,24,2.0,0.0,1.0,0.0,2.0,3.0,0.0,6.81,9.0,4.0,4.0,XOCHIMILCO,0.0,8.333333333333332
9,Xochimilco,Paraje Texhuilo,-99.09166666666667,19.265,61,11.0,1.0,3.0,2.0,6.0,10.0,0.0,9.2,28.0,4.07,39.0,XOCHIMILCO,1.639344262295082,18.0327868852459
9,Xochimilco,Paraje Zacapa,-99.05833333333334,19.25777777777778,27,11.0,3.0,3.0,2.0,4.0,6.0,0.0,10.83,11.0,3.86,18.0,XOCHIMILCO,11.11111111111111,40.74074074074074
9,Xochimilco,Barrio San Antonio (Cruz Monte),-99.03416666666666,19.245555555555555,231,24.0,1.0,4.0,12.0,1.0,21.0,1.0,7.54,90.0,4.71,55.0,XOCHIMILCO,0.4329004329004329,10.38961038961039
9,Xochimilco,Tepepan,-99.13361111111112,19.223055555555554,6,0.0,0.0,0.0,0.0,0.0,0.0,0.0,0.0,0.0,0.0,0.0,XOCHIMILCO,0.0,0.0
9,Xochimilco,Ampliación Chalmita,-99.04888888888888,19.234166666666667,352,38.0,2.0,4.0,19.0,13.0,15.0,7.0,7.34,132.0,4.51,84.0,XOCHIMILCO,0.5681818181818182,10.795454545454545
9,Xochimilco,Tepexomulco,-99.13111111111111,19.231944444444444,352,62.0,11.0,21.0,24.0,35.0,51.0,1.0,8.45,151.0,4.05,198.0,XOCHIMILCO,3.125,17.613636363636363
9,Xochimilco,Tlachiultepec de Ahuayucan (Las Malvinas),-99.10222222222221,19.204166666666666,161,17.0,2.0,4.0,10.0,24.0,26.0,0.0,7.78,65.0,4.47,78.0,XOCHIMILCO,1.2422360248447204,10.559006211180124
9,Xochimilco,Tepetitla (Tlacoxpan),-99.14194444444445,19.233888888888888,57,8.0,0.0,1.0,4.0,2.0,8.0,0.0,8.4,28.0,3.8,24.0,XOCHIMILCO,0.0,14.035087719298245
9,Xochimilco,Tlacualleli de las Flores (El Calvario),-99.07777777777777,19.242222222222225,43,7.0,0.0,1.0,1.0,3.0,5.0,0.0,7.59,19.0,3.91,9.0,XOCHIMILCO,0.0,16.27906976744186
9,Xochimilco,Tlaltepetla (Tehuistitla),-99.11527777777778,19.224166666666665,127,24.0,3.0,5.0,14.0,9.0,18.0,1.0,8.0,62.0,4.54,90.0,XOCHIMILCO,2.3622047244094486,18.89763779527559
9,Xochimilco,Tlalatlaco,-99.1438888888889,19.225555555555555,268,44.0,1.0,5.0,29.0,1.0,22.0,0.0,7.71,98.0,4.12,256.0,XOCHIMILCO,0.3731343283582089,16.417910447761194
9,Xochimilco,Tlatzala (Cuayuca),-99.0775,19.23611111111111,162,10.0,2.0,4.0,8.0,15.0,15.0,0.0,6.84,66.0,4.05,160.0,XOCHIMILCO,1.2345679012345678,6.172839506172839
9,Xochimilco,Isla de las Muñecas,-99.08749999999999,19.272499999999997,1,0.0,0.0,0.0,0.0,0.0,0.0,0.0,0.0,0.0,0.0,0.0,XOCHIMILCO,0.0,0.0
9,Xochimilco,Tepuente,-99.15194444444445,19.224999999999998,131,20.0,0.0,4.0,9.0,0.0,20.0,1.0,8.44,51.0,4.23,102.0,XOCHIMILCO,0.0,15.267175572519085
9,Xochimilco,Ahuatitla,-99.11166666666666,19.21861111111111,39,11.0,1.0,2.0,3.0,4.0,6.0,0.0,9.68,14.0,4.88,29.0,XOCHIMILCO,2.564102564102564,28.205128205128204
9,Xochimilco,Tipipili,-99.08527777777778,19.233055555555556,247,13.0,1.0,1.0,5.0,6.0,15.0,8.0,6.33,103.0,4.44,67.0,XOCHIMILCO,0.4048582995951417,5.263157894736842
9,Xochimilco,Paraje Tochuca (San Salvador),-99.10249999999999,19.2025,176,55.0,15.0,16.0,19.0,33.0,29.0,0.0,9.76,53.0,4.1,78.0,XOCHIMILCO,8.522727272727272,31.25
9,Xochimilco,Tlacalteca,-99.11472222222221,19.230277777777776,55,13.0,3.0,4.0,3.0,3.0,4.0,0.0,10.19,21.0,5.11,27.0,XOCHIMILCO,5.454545454545454,23.636363636363637
9,Xochimilco,Pepelaxtla,-99.11388888888888,19.217499999999998,153,31.0,5.0,9.0,15.0,5.0,20.0,0.0,7.92,59.0,4.65,73.0,XOCHIMILCO,3.2679738562091507,20.26143790849673
9,Xochimilco,Tecacalango,-99.10694444444444,19.217777777777776,268,66.0,16.0,25.0,28.0,36.0,42.0,0.0,9.14,101.0,4.02,130.0,XOCHIMILCO,5.970149253731343,24.62686567164179
9,Xochimilco,Cerro Tzompole,-99.11749999999999,19.203055555555554,7,0.0,0.0,0.0,0.0,0.0,0.0,0.0,0.0,0.0,0.0,0.0,XOCHIMILCO,0.0,0.0
9,Xochimilco,Cacalco (Tepextenco),-99.125,19.194444444444446,27,2.0,0.0,0.0,0.0,0.0,0.0,0.0,6.73,14.0,5.4,8.0,XOCHIMILCO,0.0,7.4074074074074066
9,Xochimilco,Apatlaco,-99.08611111111111,19.26361111111111,69,5.0,0.0,2.0,2.0,0.0,8.0,0.0,6.53,35.0,3.45,20.0,XOCHIMILCO,0.0,7.246376811594203
9,Xochimilco,Kilómetro 26,-99.14055555555557,19.222777777777775,7,0.0,0.0,0.0,0.0,0.0,1.0,0.0,5.6,3.0,2.33,6.0,XOCHIMILCO,0.0,0.0
9,Xochimilco,Puente de Urrutia (Tlapizatil),-99.07222222222222,19.261666666666667,94,19.0,0.0,3.0,3.0,5.0,6.0,0.0,8.12,43.0,3.92,21.0,XOCHIMILCO,0.0,20.212765957446805
9,Xochimilco,Tepexomulco las Rocas,-99.13527777777779,19.229166666666664,51,7.0,0.0,1.0,5.0,0.0,6.0,6.0,8.38,25.0,3.0,49.0,XOCHIMILCO,0.0,13.725490196078432
9,Xochimilco,Ocotitla Tepachuxiac,-99.14166666666668,19.228055555555553,101,10.0,0.0,0.0,9.0,0.0,3.0,2.0,7.07,36.0,4.04,45.0,XOCHIMILCO,0.0,9.900990099009901
9,Xochimilco,Paraje Atocle,-99.10972222222222,19.218888888888888,143,52.0,17.0,22.0,25.0,29.0,28.0,0.0,10.67,56.0,3.58,87.0,XOCHIMILCO,11.888111888111888,36.36363636363637
9,Xochimilco,Paraje los Tejocotes,-99.11833333333333,19.202777777777776,50,6.0,0.0,3.0,3.0,0.0,7.0,0.0,8.25,22.0,4.55,45.0,XOCHIMILCO,0.0,12.0
9,Xochimilco,Granja R.R. (Los Ciruelos),-99.11444444444444,19.200555555555553,14,2.0,1.0,1.0,4.0,1.0,5.0,1.0,5.15,13.0,2.0,6.0,XOCHIMILCO,7.142857142857142,14.285714285714285
9,Xochimilco,Rancho el Cedro,-99.11083333333333,19.202222222222222,112,9.0,1.0,4.0,8.0,6.0,16.0,0.0,6.83,47.0,4.0,69.0,XOCHIMILCO,0.8928571428571428,8.035714285714286
9,Xochimilco,Tixculco,-99.05416666666666,19.221944444444443,13,0.0,0.0,0.0,2.0,0.0,0.0,1.0,5.2,7.0,3.25,1.0,XOCHIMILCO,0.0,0.0
9,Xochimilco,Tecoexcontitla,-99.08444444444444,19.213055555555556,154,44.0,7.0,14.0,21.0,23.0,23.0,1.0,9.61,70.0,3.78,64.0,XOCHIMILCO,4.545454545454546,28.57142857142857
9,Xochimilco,Quinta Patricia,-99.08749999999999,19.2125,3,0.0,0.0,0.0,0.0,0.0,0.0,0.0,0.0,0.0,0.0,0.0,XOCHIMILCO,0.0,0.0
9,Xochimilco,Bosques de la Paz,-99.09083333333332,19.211388888888887,4,0.0,0.0,0.0,0.0,0.0,0.0,0.0,0.0,0.0,0.0,0.0,XOCHIMILCO,0.0,0.0
9,Xochimilco,Paraje Tepanyecac,-99.05083333333333,19.221666666666664,17,1.0,0.0,0.0,1.0,0.0,1.0,0.0,6.42,7.0,4.25,13.0,XOCHIMILCO,0.0,5.88235294117647
9,Xochimilco,Tepepula,-99.12527777777777,19.228055555555553,36,4.0,0.0,0.0,0.0,3.0,4.0,1.0,6.77,15.0,4.0,22.0,XOCHIMILCO,0.0,11.11111111111111
9,Xochimilco,La Angostura,-99.07472222222222,19.262777777777778,43,2.0,0.0,1.0,1.0,0.0,0.0,0.0,6.68,13.0,5.71,8.0,XOCHIMILCO,0.0,4.651162790697675
9,Xochimilco,Calle de Sinatlixpa,-99.11,19.199166666666667,60,11.0,2.0,3.0,2.0,10.0,4.0,0.0,7.2,24.0,4.62,14.0,XOCHIMILCO,3.3333333333333335,18.333333333333332
9,Xochimilco,Cerro Cuatizi,-99.07555555555555,19.22694444444444,42,6.0,0.0,0.0,6.0,2.0,0.0,0.0,8.07,17.0,3.5,25.0,XOCHIMILCO,0.0,14.285714285714285
9,Xochimilco,Paraje Zacapa,-99.0886111111111,19.217499999999998,147,22.0,3.0,6.0,9.0,13.0,12.0,1.0,7.89,61.0,3.97,72.0,XOCHIMILCO,2.0408163265306123,14.965986394557824
9,Xochimilco,Santa Catarina (Piedra Blanca),-99.07972222222222,19.214166666666667,30,12.0,2.0,3.0,4.0,6.0,6.0,0.0,9.33,13.0,3.0,24.0,XOCHIMILCO,6.666666666666667,40.0
9,Xochimilco,Huepaltepec,-99.07416666666666,19.215,24,1.0,0.0,0.0,1.0,2.0,3.0,0.0,6.79,8.0,3.43,12.0,XOCHIMILCO,0.0,4.166666666666666
9,Xochimilco,Tecuanatla (Arenal Papanco),-99.10722222222222,19.217499999999998,19,2.0,0.0,0.0,3.0,2.0,4.0,0.0,7.77,7.0,4.75,9.0,XOCHIMILCO,0.0,10.526315789473683
9,Xochimilco,Inopilco,-99.10777777777777,19.210833333333333,14,3.0,0.0,0.0,3.0,0.0,2.0,0.0,9.1,5.0,4.67,3.0,XOCHIMILCO,0.0,21.428571428571427
9,Xochimilco,Rancho la Flor,-99.10111111111111,19.209166666666665,2,0.0,0.0,0.0,0.0,0.0,0.0,0.0,0.0,0.0,0.0,0.0,XOCHIMILCO,0.0,0.0
9,Xochimilco,Rancho los Cedros,-99.10499999999999,19.20722222222222,26,5.0,0.0,0.0,3.0,0.0,2.0,0.0,9.07,7.0,3.71,21.0,XOCHIMILCO,0.0,19.230769230769234
9,Xochimilco,Cerro Tepeclite,-99.1061111111111,19.204722222222223,23,1.0,0.0,0.0,1.0,0.0,1.0,1.0,7.2,9.0,3.33,11.0,XOCHIMILCO,0.0,4.3478260869565215
9,Xochimilco,Zapatitla,-99.12305555555555,19.191111111111113,12,0.0,0.0,0.0,1.0,1.0,1.0,0.0,6.0,4.0,4.0,1.0,XOCHIMILCO,0.0,0.0
9,Xochimilco,Nauhtepan (Tepantiagua),-99.1375,19.230833333333333,40,8.0,0.0,0.0,1.0,0.0,1.0,1.0,7.64,19.0,3.64,17.0,XOCHIMILCO,0.0,20.0
9,Xochimilco,Tepeyecac (El Arenal),-99.12583333333333,19.229999999999997,85,15.0,1.0,3.0,2.0,9.0,10.0,0.0,8.0,38.0,4.47,21.0,XOCHIMILCO,1.1764705882352942,17.647058823529413
9,Xochimilco,Tepexomulco (Kilómetro 27.8),-99.12944444444443,19.22583333333333,6,0.0,0.0,0.0,0.0,0.0,0.0,0.0,0.0,0.0,0.0,0.0,XOCHIMILCO,0.0,0.0
9,Xochimilco,Paraje Ixcuicuilco,-99.11555555555555,19.220277777777778,31,5.0,0.0,1.0,2.0,1.0,6.0,0.0,8.61,14.0,3.44,28.0,XOCHIMILCO,0.0,16.129032258064516
9,Xochimilco,Avenida de las Torres,-99.0525,19.23888888888889,99,6.0,1.0,0.0,4.0,1.0,5.0,1.0,6.72,41.0,5.82,23.0,XOCHIMILCO,1.0101010101010102,6.0606060606060606
9,Xochimilco,Corralón Policía Federal de Caminos,-99.05444444444444,19.23638888888889,14,0.0,0.0,0.0,0.0,0.0,0.0,0.0,0.0,0.0,0.0,0.0,XOCHIMILCO,0.0,0.0
9,Xochimilco,Cocopalcuautla,-99.045,19.221944444444443,4,0.0,0.0,0.0,0.0,0.0,0.0,0.0,0.0,0.0,0.0,0.0,XOCHIMILCO,0.0,0.0
9,Xochimilco,Parada del Conejo,-99.11472222222221,19.21611111111111,98,23.0,5.0,7.0,8.0,11.0,14.0,0.0,8.92,36.0,4.13,61.0,XOCHIMILCO,5.1020408163265305,23.46938775510204
9,Xochimilco,Tecanco,-99.07305555555556,19.231111111111108,72,5.0,1.0,2.0,3.0,5.0,7.0,0.0,6.04,34.0,4.06,25.0,XOCHIMILCO,1.3888888888888888,6.944444444444445
9,Xochimilco,Atlaxco,-99.06888888888888,19.23222222222222,87,3.0,1.0,1.0,1.0,10.0,5.0,1.0,5.79,43.0,4.58,9.0,XOCHIMILCO,1.1494252873563218,3.4482758620689653
9,Xochimilco,Barrio Nochicala,-99.03999999999999,19.24388888888889,203,37.0,4.0,8.0,22.0,23.0,30.0,0.0,8.14,86.0,4.32,89.0,XOCHIMILCO,1.9704433497536946,18.226600985221676
9,Xochimilco,Ninguno,-99.05472222222222,19.233888888888888,123,21.0,0.0,1.0,3.0,1.0,2.0,4.0,8.24,53.0,4.39,53.0,XOCHIMILCO,0.0,17.073170731707318
9,Xochimilco,Camino Real a San Pedro,-99.05527777777777,19.233333333333334,68,14.0,1.0,3.0,7.0,0.0,4.0,1.0,8.83,32.0,4.53,41.0,XOCHIMILCO,1.4705882352941175,20.588235294117645
9,Xochimilco,El Cedral,-99.11749999999999,19.21611111111111,21,5.0,0.0,0.0,1.0,2.0,3.0,0.0,9.0,5.0,5.25,9.0,XOCHIMILCO,0.0,23.809523809523807
9,Xochimilco,Tiziclipa,-99.09083333333332,19.2275,48,3.0,0.0,0.0,1.0,0.0,1.0,0.0,5.9,18.0,4.8,14.0,XOCHIMILCO,0.0,6.25
9,Xochimilco,Atenco (Tlaquilpa),-99.05499999999999,19.256944444444443,20,2.0,0.0,0.0,0.0,0.0,2.0,1.0,8.2,5.0,4.0,4.0,XOCHIMILCO,0.0,10.0
9,Xochimilco,Axayopa,-99.05944444444444,19.256944444444443,72,8.0,1.0,1.0,2.0,3.0,6.0,0.0,8.19,27.0,6.0,20.0,XOCHIMILCO,1.3888888888888888,11.11111111111111
9,Xochimilco,Coapantitla,-99.05638888888889,19.256944444444443,20,4.0,1.0,1.0,1.0,2.0,3.0,0.0,10.55,5.0,4.25,8.0,XOCHIMILCO,5.0,20.0
9,Xochimilco,San Martín,-99.0775,19.231666666666666,5,0.0,0.0,0.0,0.0,0.0,0.0,0.0,0.0,0.0,0.0,0.0,XOCHIMILCO,0.0,0.0
9,Xochimilco,Rancho Francisco Villa (Tepejoyuca),-99.07722222222222,19.223055555555554,15,4.0,0.0,0.0,1.0,0.0,1.0,2.0,7.0,7.0,3.0,6.0,XOCHIMILCO,0.0,26.666666666666668
9,Xochimilco,Pantiagua,-99.13805555555557,19.226388888888888,11,0.0,0.0,0.0,0.0,0.0,0.0,0.0,0.0,0.0,0.0,0.0,XOCHIMILCO,0.0,0.0
9,Xochimilco,Chililico,-99.08916666666666,19.265833333333333,21,0.0,0.0,0.0,0.0,0.0,0.0,0.0,4.67,10.0,7.0,0.0,XOCHIMILCO,0.0,0.0
9,Xochimilco,Tecalipac,-99.12833333333333,19.21944444444444,7,0.0,0.0,0.0,0.0,0.0,0.0,0.0,0.0,0.0,0.0,0.0,XOCHIMILCO,0.0,0.0
9,Xochimilco,Texopantitla,-99.13527777777779,19.243333333333336,127,25.0,1.0,1.0,7.0,0.0,14.0,1.0,8.22,56.0,4.38,72.0,XOCHIMILCO,0.7874015748031495,19.68503937007874
9,Xochimilco,Oluca Dos Parajes,-99.1086111111111,19.192777777777778,33,9.0,0.0,0.0,2.0,1.0,2.0,0.0,9.04,16.0,4.13,15.0,XOCHIMILCO,0.0,27.27272727272727
9,Xochimilco,Ninguno,-99.11194444444443,19.202777777777776,23,1.0,0.0,0.0,3.0,0.0,5.0,0.0,6.86,5.0,3.29,19.0,XOCHIMILCO,0.0,4.3478260869565215
9,Xochimilco,Los Pinos,-99.13972222222223,19.235833333333336,124,19.0,1.0,3.0,9.0,2.0,17.0,0.0,7.31,50.0,3.88,105.0,XOCHIMILCO,0.8064516129032258,15.32258064516129
9,Xochimilco,Temamatla,-99.13777777777779,19.23611111111111,129,21.0,1.0,1.0,3.0,1.0,15.0,3.0,7.44,54.0,4.61,41.0,XOCHIMILCO,0.7751937984496124,16.27906976744186
9,Xochimilco,Colexco,-99.11361111111111,19.228055555555553,4,0.0,0.0,0.0,0.0,0.0,0.0,0.0,0.0,0.0,0.0,0.0,XOCHIMILCO,0.0,0.0
9,Xochimilco,Paraje Maxacuatitla,-99.04916666666666,19.240555555555556,5,0.0,0.0,0.0,0.0,0.0,0.0,0.0,0.0,0.0,0.0,0.0,XOCHIMILCO,0.0,0.0
9,Xochimilco,Paraje Nochicala,-99.0375,19.241944444444446,33,4.0,0.0,0.0,4.0,0.0,3.0,0.0,7.31,17.0,5.5,2.0,XOCHIMILCO,0.0,12.121212121212121
9,Xochimilco,San Juan Diego (Matlacuapa),-99.04444444444444,19.243055555555557,79,9.0,0.0,0.0,1.0,1.0,2.0,2.0,6.31,41.0,4.94,24.0,XOCHIMILCO,0.0,11.39240506329114
9,Xochimilco,Paraje Moyocalco,-99.13527777777779,19.249722222222225,48,6.0,1.0,3.0,4.0,1.0,3.0,0.0,8.06,21.0,4.0,19.0,XOCHIMILCO,2.083333333333333,12.5
9,Xochimilco,Cuahuticotitla,-99.14194444444445,19.228888888888886,77,6.0,0.0,1.0,6.0,0.0,3.0,0.0,6.88,35.0,4.28,22.0,XOCHIMILCO,0.0,7.792207792207792
9,Xochimilco,Tizilingo,-99.08277777777778,19.238055555555558,100,3.0,0.0,0.0,4.0,1.0,5.0,1.0,5.55,48.0,4.35,18.0,XOCHIMILCO,0.0,3.0
9,Xochimilco,Alcanfores,-99.08416666666666,19.237222222222222,62,16.0,0.0,2.0,1.0,6.0,8.0,0.0,8.21,33.0,3.88,26.0,XOCHIMILCO,0.0,25.806451612903224
9,Xochimilco,Bosques de la Paz,-99.075,19.231944444444444,64,9.0,0.0,1.0,6.0,7.0,8.0,0.0,8.29,28.0,3.76,51.0,XOCHIMILCO,0.0,14.0625
9,Xochimilco,Contlalco,-99.13194444444444,19.244722222222222,66,8.0,0.0,0.0,2.0,0.0,6.0,0.0,8.16,28.0,4.13,37.0,XOCHIMILCO,0.0,12.121212121212121
9,Xochimilco,Tlalmelac,-99.03722222222223,19.264722222222222,50,7.0,1.0,2.0,2.0,2.0,5.0,0.0,8.07,22.0,5.0,3.0,XOCHIMILCO,2.0,14.000000000000002
9,Xochimilco,Xometitla (Tlalitenco),-99.11194444444443,19.229444444444443,456,73.0,7.0,13.0,27.0,48.0,52.0,2.0,7.7,193.0,4.27,199.0,XOCHIMILCO,1.5350877192982455,16.00877192982456
9,Xochimilco,Localidades de una vivienda,,,23,3.0,0.0,2.0,2.0,3.0,5.0,0.0,0.0,13.0,0.0,9.0,XOCHIMILCO,0.0,13.043478260869565
9,Xochimilco,Localidades de dos viviendas,,,64,8.0,1.0,2.0,7.0,2.0,5.0,0.0,0.0,19.0,0.0,37.0,XOCHIMILCO,1.5625,12.5
9,Benito Juárez,Total del Municipio,,,385439,239495.0,90357.0,99965.0,90655.0,113688.0,111593.0,69.0,13.52,199003.0,2.7,262155.0,BENITO JUAREZ,23.442619973588556,62.13564273464802
9,Benito Juárez,Benito Juárez,-99.15833333333335,19.401666666666664,385439,239495.0,90357.0,99965.0,90655.0,113688.0,111593.0,69.0,13.52,199003.0,2.7,262155.0,BENITO JUAREZ,23.442619973588556,62.13564273464802
9,Cuauhtémoc,Total del Municipio,,,531831,241997.0,74373.0,90603.0,64716.0,124491.0,126570.0,347.0,11.32,270867.0,3.03,340430.0,CUAUHTEMOC,13.984329608465847,45.50261267207064
9,Cuauhtémoc,Cuauhtémoc,-99.14444444444445,19.443055555555556,531831,241997.0,74373.0,90603.0,64716.0,124491.0,126570.0,347.0,11.32,270867.0,3.03,340430.0,CUAUHTEMOC,13.984329608465847,45.50261267207064
9,Miguel Hidalgo,Total del Municipio,,,372889,181312.0,62036.0,72334.0,64435.0,89465.0,93826.0,122.0,11.88,182105.0,3.1,259891.0,MIGUEL HIDALGO,16.636586222709706,48.6235850346886
9,Miguel Hidalgo,Miguel Hidalgo,-99.19111111111111,19.406666666666666,372889,181312.0,62036.0,72334.0,64435.0,89465.0,93826.0,122.0,11.88,182105.0,3.1,259891.0,MIGUEL HIDALGO,16.636586222709706,48.6235850346886
9,Venustiano Carranza,Total del Municipio,,,430978,168055.0,42553.0,55152.0,47245.0,85145.0,92973.0,275.0,10.53,197483.0,3.51,275004.0,VENUSTIANO CARRANZA,9.873589835212005,38.993869756692916
9,Venustiano Carranza,Venustiano Carranza,-99.11388888888888,19.416666666666668,430978,168055.0,42553.0,55152.0,47245.0,85145.0,92973.0,275.0,10.53,197483.0,3.51,275004.0,VENUSTIANO CARRANZA,9.873589835212005,38.993869756692916
