ubicacion_raw,latitud,longitud
"Sara 4449, Guadalupe Tepeyac, Ciudad De México, Guadalupe Tepeyac, Gustavo A. Madero, Distrito Federal",19.4655649,-99.1193389
"San Felipe De Jesús, Gustavo A. Madero, Distrito Federal",19.5015185,-99.0734791
"Chiclayo, Gustavo A. Madero, Distrito Federal",19.4878635,-99.1323827
"Sin Calle, Lindavista Norte, Gustavo A. Madero, Distrito Federal",19.4817469,-99.1171968
"Avenida Cruz Azul 100, Gustavo A. Madero, Distrito Federal",,
"Av. Acueducto De Guadalupe 511, Santa Isabel Tola, Gustavo A. Madero, Distrito Federal",19.5037406,-99.1223025
"Calle Wagner 300, Gustavo A. Madero, Distrito Federal",19.4674527,-99.1279097
"Pernambuco 800, Gustavo A. Madero, Distrito Federal",19.4888166,-99.1277417
"Pujato No. 8, Lindavista Norte, Gustavo A. Madero, Distrito Federal",19.4998829,-99.1300173
"Av. Acueducto 835, Candelaria Ticoman, Ciudad De México, Barrio Candelaria Ticomán, Gustavo A. Madero, Distrito Federal",19.5189556,-99.1294855
"Torres Lindavista, Gustavo A. Madero, Distrito Federal",19.506314,-99.1445042
"Guadalupe Tepeyac, Mexico City, Guadalupe Tepeyac, Gustavo A. Madero, Distrito Federal",19.4675479,-99.1205924
"Eje 1 Oriente Ferrocarril Hidalgo 1337,Colonia Tablas De San Agustín, Alcaldía Gustavo A. Madero, C.P. 7800, Ciudad De México, Gustavo A. Madero, Distrito Federal",,
"Calz. San Juan De Aragón 533, Gustavo A. Madero, Distrito Federal",,
"Adolfo Ruiz Cortínez Lt 14 Mz 104, Zona Escolar Oriente, Gustavo A. Madero, Distrito Federal",,
"Pte 116 16, Panamericana, Gustavo A. Madero, 07770 Ciudad De México, CDMX, Mexico, Magdalena De Las Salinas, Gustavo A. Madero, Distrito Federal",19.5167815,-99.162361
"San Juan De Aragón I Sección, Gustavo A. Madero, Distrito Federal",19.4596866,-99.0917728
"Insurgentes Nte., Ciudad De México, Colonia Lindavista Norte, Gustavo A. Madero, Distrito Federal",19.4672361,-99.139506
"De Los Rompeolas, Acueducto De Guadalupe, Ciudad De México, Acueducto De Guadalupe, Gustavo A. Madero, Distrito Federal",19.5271982,-99.1574028
"Nueva Industrial Vallejo, Gustavo A. Madero, Distrito Federal",19.5129933,-99.1522732
"Unión 266, Tepeyac Insurgentes, Ciudad De México, CDMX, México, Tepeyac Insurgentes, Gustavo A. Madero, Distrito Federal",19.4826486,-99.1217346
"Av. Acueducto, Residencial Zacatenco, Ciudad De México, Residencial Zacatenco, Gustavo A. Madero, Distrito Federal",19.5190987,-99.1363969
"Campestre Aragón, Gustavo A. Madero, Distrito Federal",19.4856,-99.0797574
"Guadalupe Tepeyac, Gustavo A. Madero, Distrito Federal",19.4675479,-99.1205924
"Guadalupe Insurgentes, Gustavo A. Madero, Distrito Federal",19.4746604,-99.1322337
"Gertrudis Sánchez 1a Sección, Gustavo A. Madero, Distrito Federal",,
"C. Tetrazzini 292, Vallejo, Ciudad De México, Vallejo, Gustavo A. Madero, Distrito Federal",19.4687923,-99.1308624
"Borodin 3, Vallejo, Ciudad De México, Vallejo, Gustavo A. Madero, Distrito Federal",19.4682311,-99.133367
"De La Arena 34, Acueducto De Guadalupe, Gustavo A. Madero, 07270 Ciudad De México, CDMX, Mexico, Residencial Acueducto De Guadalupe, Gustavo A. Madero, Distrito Federal",19.5208063,-99.1437298
"Vallejo, Gustavo A. Madero, Distrito Federal",19.5049574,-99.1536746
"SOTERO PRIETO, 58, Guadalupe Insurgentes, Gustavo A. Madero, Distrito Federal",19.4766156,-99.1306457
"Lindavista Sur, Gustavo A. Madero, Distrito Federal",,
"Saul 56, Guadalupe Tepeyac, Ciudad De México, CDMX, México, Guadalupe Tepeyac, Gustavo A. Madero, Distrito Federal",19.469308,-99.1201239
"Martha 64, Guadalupe Tepeyac, Gustavo A. Madero, 07840 Ciudad De México, CDMX, Mexico, Guadalupe Tepeyac, Gustavo A. Madero, Distrito Federal",19.4682318,-99.1188878
"Constitución De La República, Gustavo A. Madero, Distrito Federal",19.4823184,-99.0759029
"Norte 74, 8041, Salvador Díaz Mirón, Gustavo A. Madero, Distrito Federal",19.4728505,-99.1452223
"7 De Noviembre, Gustavo A. Madero, Distrito Federal",19.4617797,-99.1241385
"Sara, Guadalupe Tepeyac, Ciudad De México, Guadalupe Tepeyac, Gustavo A. Madero, Distrito Federal",19.4655649,-99.1193389
"Guadalupe Proletaria, Gustavo A. Madero, Distrito Federal",19.5194858,-99.147971
"Nte. 70 6068, Aragón Inguarán, Ciudad De México, Aragón Inguaran, Gustavo A. Madero, Distrito Federal",19.4668194,-99.1210265
"Aragón La Villa, Gustavo A. Madero, Distrito Federal",,
"Arequipa SN, Colonia Lindavista Norte, Gustavo A. Madero, Distrito Federal",19.4914538,-99.1220994
"Santa Isabel Tola, Gustavo A. Madero, Distrito Federal",19.4998868,-99.1156771
"Insurgentes Norte, 1249, Guadalupe Insurgentes, Gustavo A. Madero, Distrito Federal",19.5009923,-99.1181434
"Zona Escolar, Gustavo A. Madero, Distrito Federal",19.5332017,-99.1496192
"Calzada De Guadalupe 299, Guadalupe Tepeyac, Gustavo A. Madero, Distrito Federal",19.4727183,-99.1218083
"NORTE 90, Gertrudis Sánchez 2a Sección, Gustavo A. Madero, Distrito Federal",19.4658938,-99.086824
"Honorable Congreso De La Unión 5737, Granjas Modernas, Ciudad De México, Granjas Modernas, Gustavo A. Madero, Distrito Federal",,
"Vallejo, Mexico City, Vallejo, Gustavo A. Madero, Distrito Federal",19.5049574,-99.1536746
"Av. Acueducto 835, Candelaria Ticoman, Ciudad De México, Ticoman, Gustavo A. Madero, Distrito Federal",19.5189556,-99.1294855
"Ote. 107 3370, Bondojito, Ciudad De México, Bondojito, Gustavo A. Madero, Distrito Federal",19.5045678,-99.0874159
"Santa Rosa, Gustavo A. Madero, Distrito Federal",19.4740027,-99.1255167
"Puerto Mazatlan, Loma La Palma, Ciudad De México, Loma La Palma, Gustavo A. Madero, Distrito Federal",19.5217486,-99.1405578
"Ambato, Lindavista Nte., Ciudad De México, Colonia Lindavista Norte, Gustavo A. Madero, Distrito Federal",19.500714,-99.1283312
"Lindavista Norte, Gustavo A. Madero, Distrito Federal",19.5057393,-99.1480141
"Miguel Miramont 149, Martín Carrera, Gustavo A. Madero, Distrito Federal",,
"Cam. San Juan Ixtacala 59, Santa Rosa, Ciudad De México, Santa Rosa, Gustavo A. Madero, Distrito Federal",,
"Av. Centenario 1966, Pueblo De Santiago Atzacoalco, Ciudad De México, Atzacoalco, Gustavo A. Madero, Distrito Federal",19.5006923,-99.094593
"Ing. Roberto Gayol 121, Guadalupe Insurgentes, Ciudad De México, Guadalupe Insurgentes, Gustavo A. Madero, Distrito Federal",,
"San Bartolo Atepehuacan, Gustavo A. Madero, Distrito Federal",19.4933278,-99.1413426
"Gustavo A. Madero, Mexico City, Guadalupe Victoria, Gustavo A. Madero, Distrito Federal",19.4848583,-99.1178571
"Nte. 11, Defensores De La República, Ciudad De México, Defensores De La República, Gustavo A. Madero, Distrito Federal",19.4668194,-99.1210265
"Mendelssohn 162, Vallejo, Ciudad De México, Vallejo, Gustavo A. Madero, Distrito Federal",19.4658839,-99.1394647
"Sara 4625, Colonia, Guadalupe Tepeyac, Ciudad De México, Guadalupe Tepeyac, Gustavo A. Madero, Distrito Federal",19.4655649,-99.1193389
"DM Nacional, Gustavo A. Madero, Distrito Federal",19.4778665,-99.094982
"Excelente Edificio De Oficinas Con Gran Potencial Para Desarrollar Uso Mixto A Una Calle De Vallejo, Colonia Santa Rosa, Gustavo A. Madero, Distrito Federal",,
"Residencial Acueducto De Guadalupe, Gustavo A. Madero, Distrito Federal",19.5240112,-99.1481872
"Abundio Martínez, Vallejo, Ciudad De México, Vallejo, Gustavo A. Madero, Distrito Federal",19.4696721,-99.1371733
"San Bartolo Atepehuacan, Mexico City, San Bartolo Atepehuacan, Gustavo A. Madero, Distrito Federal",19.4933278,-99.1413426
"Huahuete  SN, Gustavo A. Madero, Distrito Federal",,
"La Joya, Gustavo A. Madero, Distrito Federal",19.460573,-99.1095538
"Nicandro Castillo, Juventino Rosas, Ciudad De México, Arboledas De Cuautepec El Alto, Gustavo A. Madero, Distrito Federal",19.5614914,-99.1350397
"Lindavista Nte., Mexico City, Colonia Lindavista Norte, Gustavo A. Madero, Distrito Federal",19.4911559,-99.1343372
"Puerto Mazatlan, Loma La Palma, Ciudad De México, Loma De La Palma, Gustavo A. Madero, Distrito Federal",19.5217486,-99.1405578
"Jovellanos 45, Torres Lindavista, Ciudad De México, Torres Lindavista, Gustavo A. Madero, Distrito Federal",19.5078245,-99.1470581
"Ing. Braulio Martínez  #x, Guadalupe Insurgentes, Gustavo A. Madero, Distrito Federal",,
"C. Granate, Col. Estrella, Ciudad De México, Estrella, Gustavo A. Madero, Distrito Federal",19.473702,-99.1177252
"Terrazas Lindavista, Eje Central Lázaro Cárdenas 1040, Nueva Industrial Vallejo, Ciudad De México, Nueva Industrial Vallejo, Gustavo A. Madero, Distrito Federal",,
"Capultitlan, Mexico City, Capultitlán, Gustavo A. Madero, Distrito Federal",19.4783568,-99.1336761
"Corumbá 300 - 600, Valle Del Tepeyac, Ciudad De México, Valle Del Tepeyac, Gustavo A. Madero, Distrito Federal",19.4883946,-99.1395261
"Ignacio Zaragoza, Pueblo De San Juan De Aragón, Ciudad De México, San Juan De Aragón, Gustavo A. Madero, Distrito Federal",19.5439669,-99.1362692
"San Juan De Aragón IV Sección, Gustavo A. Madero, Distrito Federal",19.4707656,-99.0862927
"Otro Sin Referencia 30, DM Nacional, José María Morelos Y Pavón II, Gustavo A. Madero, 07450 Ciudad De México, CDMX, Mexico, DM Nacional, Gustavo A. Madero, Distrito Federal",,
"Pujato SN, Lindavista Norte, Gustavo A. Madero, Distrito Federal",19.4989858,-99.1307031
"Salaverry 899, Lindavista Nte., Ciudad De México, Colonia Lindavista Norte, Gustavo A. Madero, Distrito Federal",19.5094917,-99.1248543
"Martín Carrera, Mexico City, Martín Carrera, Gustavo A. Madero, Distrito Federal",19.4823204,-99.1058514
"Insurgentes Nte. 1190, Capultitlan, Ciudad De México, Capultitlán, Gustavo A. Madero, Distrito Federal",19.485081,-99.1219131
"Valle Del Tepeyac, Gustavo A. Madero, Distrito Federal",19.4881116,-99.1416177
"Insurgentes Norte 1346, Magdalena De Las Salinas, Gustavo A. Madero, Distrito Federal",19.5009923,-99.1181434
"PONIENTE 106 203, Guadalupe Victoria, Gustavo A. Madero, Distrito Federal",19.4679344,-99.1422687
"Insurgentes Norte Al 1346, Magdalena De Las Salinas, Gustavo A. Madero, Distrito Federal",19.5009923,-99.1181434
"Eten 546, Valle Del Tepeyac, Gustavo A. Madero, 7500 - 7800 Ciudad De México, CDMX, Mexico, Valle Del Tepeyac, Gustavo A. Madero, Distrito Federal",19.4943897,-99.1378793
"C.T.M. El Risco, Gustavo A. Madero, Distrito Federal",,
"Calz. San Juan De Aragón 439, DM Nacional, Granjas Modernas, Ciudad De México, DM Nacional, Gustavo A. Madero, Distrito Federal",,
"C. 1545 69, San Juan De Aragón VI Secc, Ciudad De México, San Juan De Aragón 6a Secc., Gustavo A. Madero, Distrito Federal",19.4657897,-99.0620636
"Acueducto De Guadalupe, Mexico City, Residencial Acueducto De Guadalupe, Gustavo A. Madero, Distrito Federal",19.4889617,-99.1171639
"Av. 611 133, San Juan De Aragón III Secc, Ciudad De México, San Juan De Aragón 3a Secc., Gustavo A. Madero, Distrito Federal",19.4506769,-99.068002
"Porto Alegre SN, Torres Lindavista, Gustavo A. Madero, Distrito Federal",19.5098848,-99.1425268
"Av. Luis De La Rosa 16, Constitución De La República, Gustavo A. Madero, Distrito Federal",,
"Antigua Veracruz MZ36 LT4, San Felipe De Jesús, Ciudad De México, San Felipe De Jesús, Gustavo A. Madero, Distrito Federal",,
"Calz. San Juan De Aragón 533, Fovissste Aragón, Ciudad De México, Aragón Fovissste, Gustavo A. Madero, Distrito Federal",,
"Pueblo De Santiago Atzacoalco, Mexico City, Pueblo Santiago Atzacoalco, Gustavo A. Madero, Distrito Federal",,
"AV 527 133, San Juan De Aragón I Sección, Gustavo A. Madero, Distrito Federal",19.4606085,-99.0893813
"Lindavista Vallejo III Sección, Gustavo A. Madero, Distrito Federal",,
"Sin Calle, Bondojito, Gustavo A. Madero, Distrito Federal",19.4817469,-99.1171968
"Juan Sebastián Bach 191, Vallejo, Gustavo A. Madero, 07870 Ciudad De México, CDMX, Mexico, Arboledas, Gustavo A. Madero, Distrito Federal",19.4699485,-99.1355012
"Av Huasteca 176, Industrial, Ciudad De México, Industrial, Gustavo A. Madero, Distrito Federal",19.4743339,-99.1245531
"Av Centenario 1966, Santiago Atzacoalco, Gustavo A. Madero, Distrito Federal",19.5006923,-99.094593
"Calz. Ticomán 206, Lindavista, Ciudad De México, Colonia Lindavista Norte, Gustavo A. Madero, Distrito Federal",,
"Virginia Fábregas 167, Arbolillo II, Gustavo A. Madero, 07239 Ciudad De México, CDMX, Mexico, Jorge Negrete, Gustavo A. Madero, Distrito Federal",19.5279605,-99.1443737
"Cuauhtémoc 11 11, Santiago Atzacoalco, Gustavo A. Madero, Distrito Federal",19.5509176,-99.136275
"Schumann 117, Depto 502, Vallejo,  Gustavo A. Madero 07870, Cdmx, Vallejo, Gustavo A. Madero, Distrito Federal",,
"Juan De Dios Bátiz I, Mexico City, Juan De Dios Batiz, Gustavo A. Madero, Distrito Federal",19.5036812,-99.1294773
"Santiago Atzacoalco, Gustavo A. Madero, Distrito Federal",19.5004436,-99.0951455
"Av Cuautepec 1650, Jorge Negrete, Ciudad De México, Jorge Negrete, Gustavo A. Madero, Distrito Federal",19.5425743,-99.1524644
"Insurgentes Norte Esq. Godart, Gustavo A. Madero, Distrito Federal",,
"And. Paseo El Arbolillo 43, Unidad Habitacional, México Izapa, Gustavo A. Madero, 07239 Ciudad De México, CDMX, Mexico, El Arbolillo, Gustavo A. Madero, Distrito Federal",,
"Condominio Grand Insurgentes, Av. Insurgentes Nte. 1260, Capultitlan, Ciudad De México, Capultitlán, Gustavo A. Madero, Distrito Federal",,
"Margarita Maza De Juárez 1045, Nueva Industrial Vallejo, Ciudad De México, Nueva Industrial Vallejo, Gustavo A. Madero, Distrito Federal",19.5088159,-99.1507629
"Abasolo 76, Villa Gustavo A. Madero, Gustavo A. Madero, 07050 Ciudad De México, CDMX, Mexico, Aragón La Villa, Gustavo A. Madero, Distrito Federal",19.4866771,-99.1134061
"Gustavo A. Madero, Mexico City, Vasco De Quiroga, Gustavo A. Madero, Distrito Federal",19.4848583,-99.1178571
"Av. 1-A 14, San José De La Escalera, Gustavo A. Madero, 07630 Ciudad De México, CDMX, Mexico, San José De La Escalera, Gustavo A. Madero, Distrito Federal",19.5256478,-99.1699966
"Calle Pesetas 39, Héroes De Cerro Prieto, Gustavo A. Madero, Distrito Federal",19.4525379,-99.0977804
"Alberto Herrera, Aragón, La Villa 75, Aragón La Villa, Gustavo A. Madero, Distrito Federal",19.4811544,-99.1139134
"Oriente 101, Gertrudis Sánchez III Secc, Ciudad De México, Gertrudis Sánchez 2a Secc., Gustavo A. Madero, Distrito Federal",19.4608321,-99.1053818
"Av. De Los Pinos 171, Amp La Providencia, Ciudad De México, La Pradera, Gustavo A. Madero, Distrito Federal",19.4778547,-99.0684527
"Lindavista, Mexico City, Capultitlán, Gustavo A. Madero, Distrito Federal",19.4880621,-99.1350725
"Solidaridad Nacional, Gustavo A. Madero, Distrito Federal",19.5337832,-99.1536919
"Av. 483 1 - 300, San Juan De Aragón VII Secc, Ciudad De México, San Juan De Aragón 7a Secc., Gustavo A. Madero, Distrito Federal",19.4697662,-99.0750831
"Casa Multifamiliar En San Juan De Aragón Iii, Gam. Cdmx, Gustavo A. Madero, Distrito Federal",,
"Av Politécnico Nacional, Col. Lindavista, Gustavo A. Madero, Distrito Federal",19.5028863,-99.1311018
"Av Politécnico, Col. Lindavista, Gustavo A. Madero, Distrito Federal",19.5020712,-99.1313603
"Parque Metropolitano, Gustavo A. Madero, Distrito Federal",19.5682242,-99.1310044
"Residencial Zacatenco, Gustavo A. Madero, Distrito Federal",19.5052162,-99.1257391
"Av. Ing. Eduardo Molina, Salvador Díaz Mirón, Gustavo A. Madero, Distrito Federal",,
"Av Instituto Politécnico Nacional 2027, Lindavista Norte, Gustavo A. Madero, Distrito Federal",19.5028863,-99.1311018
"Cuitlahuac 38, Guadalupe Victoria, Gustavo A. Madero, Distrito Federal",19.4948668,-99.1170794
"Av. Gral. Martín Carrera, Martín Carrera, Gustavo A. Madero, Distrito Federal",,
"Otavalo Sn, Lindavista Norte, Gustavo A. Madero, Distrito Federal",19.4929832,-99.1334245
"Latacunga S/N, Lindavista Norte, Gustavo A. Madero, Distrito Federal",19.4955737,-99.1240139
"San Bartolo Atepehuacan Sn, San Bartolo Atepehuacan, Gustavo A. Madero, Distrito Federal",19.4933278,-99.1413426
"Gustavo A. Madero, Distrito Federal",19.4848583,-99.1178571
"San José De La Escalera, Gustavo A. Madero, Distrito Federal",19.5226835,-99.1655253
"Andador 37 Luis Yuren 10 Mz. 6, El Risco CTM, Gustavo A. Madero, Distrito Federal",,
"Ayacucho 50, Torres Lindavista, Gustavo A. Madero, Distrito Federal",19.5100608,-99.1477123
"Cuautepec De Madero, Gustavo A. Madero, Distrito Federal",19.5577737,-99.1354215
"Ticoman, Gustavo A. Madero, Distrito Federal",19.5364748,-99.1413736
"Excelsior 83, Industrial, Gustavo A. Madero, Distrito Federal",19.4753497,-99.1328779
"MATANZAS, Residencial Zacatenco, Gustavo A. Madero, Distrito Federal",19.5006025,-99.1249854
"Calle De La Ola, Acueducto De Guadalupe, Gustavo A. Madero, Distrito Federal",19.5254925,-99.1541398
"Martín Carrera, Gustavo A. Madero, Distrito Federal",19.4823204,-99.1058514
"Corona, Industrial, Gustavo A. Madero, Distrito Federal",19.5554419,-99.1421307
"Alicia 38, Guadalupe Tepeyac, Gustavo A. Madero, Distrito Federal",19.4692214,-99.1225579
"Puerto Madero, Ampliación Casas Alemán, Gustavo A. Madero, Distrito Federal",19.4764273,-99.0793716
"Buenavista 600, Gustavo A. Madero, Distrito Federal",19.4951406,-99.1428186
"CIENFUEGOS 1000, San Pedro Zacatenco, Gustavo A. Madero, Distrito Federal",19.4915013,-99.1308691
"Calle De Los Farallones 0, Gustavo A. Madero, Distrito Federal",19.5243614,-99.1517115
"Poniente 108 654, Defensores De La República, Gustavo A. Madero, Distrito Federal",19.4679344,-99.1422687
"La Patera Vallejo, Gustavo A. Madero, Distrito Federal",19.5084773,-99.1579443
"Emiliano Zapata, Gustavo A. Madero, Distrito Federal",19.5759934,-99.1282341
"Avenida Ingeniero Alfredo Robles Domínguez 100, Vallejo, Gustavo A. Madero, Distrito Federal",19.4681464,-99.1243836
"Uranio 200, Nueva Industrial Vallejo, Gustavo A. Madero, Distrito Federal",19.5163835,-99.1488488
"Poniente, Industrial Vallejo, Gustavo A. Madero, Distrito Federal",19.4679344,-99.1422687
"Capultitlan, Gustavo A. Madero, Ciudad De México, Capultitlán, Gustavo A. Madero, Distrito Federal",19.4783568,-99.1336761
"Congreso De La Unión Calle Pelícano, Amp San Juan De Aragón, 07470 Ciudad De México, CDMX, Mexico, Granjas Modernas, Gustavo A. Madero, Distrito Federal",,
"Cam San Juan De Aragon 129 EDI ¨B¨ DPTO 301, El Olivo, Gustavo A. Madero, Distrito Federal",,
"Ferrocarril Hidalgo  1375, Bondojito, Gustavo A. Madero, Distrito Federal",19.4802926,-99.1078547
"Isla Del Bosque L24, Lindavista Sur, Gustavo A. Madero, Distrito Federal",,
"Triunfo A 132, Campestre Aragón, Gustavo A. Madero, Distrito Federal",19.4894221,-99.1118532
"Avenida Montiel Esq. Con Entre Coquinbo Y Curazao, Gustavo A. Madero, Distrito Federal",,
"C. 313 454, Nueva Atzacoalco, Gustavo A. Madero, Distrito Federal",19.4944821,-99.08776
"Edif 32 Ent A Depto 501, Lindavista Vallejo II Sección, Gustavo A. Madero, Distrito Federal",,
"Tepeyac Insurgentes, Gustavo A. Madero, Distrito Federal",19.4807706,-99.1197036
"Planetario Lindavista, Gustavo A. Madero, Distrito Federal",19.495379,-99.141747
"Av De Los 45 Metros Sn, San Bartolo Atepehuacan, Gustavo A. Madero, Distrito Federal",,
"Estrella, Gustavo A. Madero, Distrito Federal",19.4750668,-99.1167561
"Norte 82-A 6100, Gustavo A. Madero, Distrito Federal",19.5129933,-99.1522732
"Cda Emiliano Zapata 20, San Felipe De Jesús, Gustavo A. Madero, Distrito Federal",,
"Delia 100, Guadalupe Tepeyac, Gustavo A. Madero, Distrito Federal",19.4689771,-99.1210216
"Providencia, Gustavo A. Madero, Distrito Federal",19.4785468,-99.070034
"Blvrd. Bosque Real, Bosque Real, 52770 Huixquilucan, Edo De México., Progreso Nacional, Gustavo A. Madero, Distrito Federal",,
"Eje Central Lazaro Cardenas 1040, Nueva Industrial Vallejo, Gustavo A. Madero, Distrito Federal",19.5089708,-99.1530088
"Av. Acueducto 650, San Pedro Zacatenco, Gustavo A. Madero, Distrito Federal",19.5019691,-99.1210452
"Industrial, Gustavo A. Madero, Distrito Federal",19.4646793,-99.1195328
"Pedro Luis Ogazon 105, Vallejo, Gustavo A. Madero, Distrito Federal",19.4634751,-99.1275406
"Cuitlahuac 99, Villa De Aragón, Gustavo A. Madero, Distrito Federal",19.4698133,-99.0615124
"Progreso Nacional, Gustavo A. Madero, Distrito Federal",19.5184262,-99.1563715
"Norte 0, Gustavo A. Madero, Distrito Federal",19.5129933,-99.1522732
"Ampliación San Juan De Aragón, Gustavo A. Madero, Distrito Federal",19.4762375,-99.0838386
"Tres Estrellas, Gustavo A. Madero, Distrito Federal",19.4732606,-99.1114596
"SARA 4413, Guadalupe Tepeyac, Gustavo A. Madero, Distrito Federal",19.4655649,-99.1193389
"Unión 94, Industrial, Gustavo A. Madero, Distrito Federal",19.4634243,-99.1124864
"Ing Braulio Martinez Al 141, Guadalupe Insurgentes, Gustavo A. Madero, Distrito Federal",,
"Departamentos En Preventa En Lindavista S/N, Lindavista Norte, Gustavo A. Madero, Distrito Federal",,
"Santa Isabel Tola S/N, Santa Isabel Tola, Gustavo A. Madero, Distrito Federal",19.4998868,-99.1156771
"Venta Casa En La Colonia Cocoyotes S/N, Cocoyotes, Gustavo A. Madero, Distrito Federal",,
"Guadalupe Insurgentes Sn, Guadalupe Insurgentes, Gustavo A. Madero, Distrito Federal",19.4746604,-99.1322337
"Avenida Miguel Othon De Mendizabal S/N, Torres Lindavista, Gustavo A. Madero, Distrito Federal",19.5058907,-99.1494723
"Nueva Atzacoalco, Gustavo A. Madero, Distrito Federal",19.4987054,-99.0854671
"Brasilia  13, San Pedro Zacatenco, Gustavo A. Madero, Distrito Federal",19.5042067,-99.1209678
"Héroes De Chapultepec, Gustavo A. Madero, Distrito Federal",19.4741462,-99.0915049
"Villa De Aragón, Gustavo A. Madero, Distrito Federal",19.4616807,-99.061347
"Av. Ingeniero Eduardo Molina 1720, Edf 16, Depto 112, Vasco De Quiroga, Gustavo A. Madero, Distrito Federal",19.5008197,-99.0882544
"San Pedro Zacatenco, Gustavo A. Madero, Distrito Federal",19.5052459,-99.1216092
"15 De Agosto, Gustavo A. Madero, Distrito Federal",19.4846368,-99.1080907
"Del Obrero S/N, Del Obrero, Gustavo A. Madero, Distrito Federal",19.4998377,-99.0906027
"Huitzilihuitl S/n, Santa Isabel Tola, Gustavo A. Madero, Distrito Federal",19.5021923,-99.1121762
"La Laguna Ticoman, Gustavo A. Madero, Distrito Federal",,
"Miguel Bernard 1187, La Purísima Ticoman, Gustavo A. Madero, Distrito Federal",19.5095051,-99.1395813
"Miguel Othón De Mendizabal Oriente 0, Gustavo A. Madero, Distrito Federal",,
"Cuauhtemoc MZ6 LT52A, 25 De Julio, Colonia 25 De Julio, Gustavo A. Madero, Distrito Federal",,
"De Los 45 Metros SN, San Bartolo Atepehuacan, Gustavo A. Madero, Distrito Federal",,
"Estado De Querétaro Esq. Con Estado De San Luis Potosi Y Calle 3, Gustavo A. Madero, Distrito Federal",,
"Av. Insurgentes Nte., Industrial, Gustavo A. Madero, Distrito Federal",19.4861618,-99.118466
"Villa Gustavo A. Madero, Gustavo A. Madero, Distrito Federal",19.4616807,-99.061347
"Albino Zertuche 20, 15 De Agosto, Gustavo A. Madero, Distrito Federal",,
"Rompeolas 36, Residencial Acueducto De Guadalupe, Gustavo A. Madero, Distrito Federal",19.5271982,-99.1574028
"Pelícano 200, San Juan De Aragón Amp, Gustavo A. Madero, Distrito Federal",19.4802068,-99.1100075
"Avenida Montevideo 198, Lindavista Norte, Gustavo A. Madero, Distrito Federal",19.4863679,-99.1216754
"La Purísima Ticoman, Gustavo A. Madero, Distrito Federal",19.5137085,-99.1348947
"Artes 94-bis, Estanzuela, Gustavo A. Madero, Distrito Federal",19.4912101,-99.1095025
"Éuzkaro, Gustavo A. Madero, Distrito Federal",19.4788701,-99.1211501
"Valle De Madero, Gustavo A. Madero, Distrito Federal",19.4592895,-99.12072
"Albino Zertuche 24, 15 De Agosto, Gustavo A. Madero, Distrito Federal",,
"Xochiquetzal S/n, Santa Isabel Tola, Gustavo A. Madero, Distrito Federal",19.4987951,-99.1118805
"Bondojito, Gustavo A. Madero, Distrito Federal",19.4644228,-99.112086
"Rublos 35, Héroes De Cerro Prieto, Gustavo A. Madero, Distrito Federal",19.4529212,-99.0973491
"Avenida Cuitláhuac 100, Guadalupe Victoria, Gustavo A. Madero, Distrito Federal",19.4715442,-99.1392617
"San Pedro El Chico, Gustavo A. Madero, Distrito Federal",19.4744209,-99.0961758
"Adolfo Ruiz Cortines 100, Zona Escolar Oriente, Gustavo A. Madero, Distrito Federal",,
"Talpa S/N, San Felipe De Jesús, Gustavo A. Madero, Distrito Federal",19.4929862,-99.0790355
"Calle Del Panteón Y Camino A Tlecuilco S/N, San Juan, 52400 Malinalco, Méx., México, Gustavo A. Madero, Distrito Federal",,
"AV CENTENARIO, Santiago Atzacoalco, Gustavo A. Madero, Distrito Federal",19.5006923,-99.094593
"Departamento En  Venta Gustavo Madero Lindavista  GIS  25-661, Gustavo A. Madero, Distrito Federal",,
"Departamento En  Venta Gustavo Madero Lindavista  GIS  25-660, Gustavo A. Madero, Distrito Federal",,
"Departamento En  Venta Gustavo Madero Lindavista  GIS  25-659, Gustavo A. Madero, Distrito Federal",,
"Tetrazzini, Vallejo, Gustavo A. Madero, Distrito Federal",19.4671109,-99.1314027
"Poniente 140, Lindavista Vallejo I Sección, Gustavo A. Madero, Distrito Federal",19.4679344,-99.1422687
"Oniquina, 6225, Tres Estrellas, Gustavo A. Madero, Distrito Federal",19.4721222,-99.1105347
"CAMINO DE LA AMISTAD 216, Campestre Aragón, Gustavo A. Madero, Distrito Federal",19.4845996,-99.0770254
"Granjas Modernas, Gustavo A. Madero, Distrito Federal",19.4787304,-99.1024687
"TUXTEPEX 35, La Purísima Ticoman, Gustavo A. Madero, Distrito Federal",,
"Managua 698, Colonia Lindavista Norte, Gustavo A. Madero, Distrito Federal",19.4986096,-99.1264844
"Acueducto Poniente, 603, San Pedro Zacatenco, Gustavo A. Madero, Distrito Federal",,
"Barranquilla  102, Lindavista Norte, Gustavo A. Madero, Distrito Federal",19.5009334,-99.1287797
"Martin Carrera Gustavo Madero, Martín Carrera, Gustavo A. Madero, Distrito Federal",19.4823204,-99.1058514
"JULIETA, Guadalupe Tepeyac, Gustavo A. Madero, Distrito Federal",19.4642965,-99.1250052
"CALZ. DE GUADALUPE, Vallejo, Gustavo A. Madero, Distrito Federal",,
"Departamento En  Venta En Gustavo Madero, Lindavista AM. 25-661, Gustavo A. Madero, Distrito Federal",,
"Fernando Casas Alemán, Gustavo A. Madero, Distrito Federal",19.4524617,-99.095663
"Av. Cuitlahuac, 38, Guadalupe Victoria, Gustavo A. Madero, Distrito Federal",19.471378,-99.1376357
"Calzada Vallejo, 1323, Santa Rosa, Gustavo A. Madero, Distrito Federal",19.5167815,-99.162361
"FUNDIDORES, Vallejo, Gustavo A. Madero, Distrito Federal",,
"CARLOTA, Guadalupe Tepeyac, Gustavo A. Madero, Distrito Federal",19.4691429,-99.1214847
"AV.414 A, 335, San Juan De Aragón VI Sección, Gustavo A. Madero, Distrito Federal",19.4709394,-99.0736351
"ABUNDIO MARTINEZ, Vallejo, Gustavo A. Madero, Distrito Federal",19.4681539,-99.1372374
"AV INSTITUTO POLITECNICO NACIONAL, 1939, Lindavista Norte, Gustavo A. Madero, Distrito Federal",19.5028863,-99.1311018
"Av. Ingeniero Eduardo Molina 8140  F 004, Vasco De Quiroga, Gustavo A. Madero, Distrito Federal",19.5008197,-99.0882544
"Callao 600 - 900, Lindavista Nte., Ciudad De México, Colonia Lindavista Norte, Gustavo A. Madero, Distrito Federal",19.493953,-99.1217684
"Mexico, Villa Gustavo A. Madero, Gustavo A. Madero, Distrito Federal",19.4848583,-99.1178571
"Gustavo A. Madero, Mexico City, El Arbolillo, Gustavo A. Madero, Distrito Federal",19.4848583,-99.1178571
"CALLE 10, Lindavista Norte, Gustavo A. Madero, Distrito Federal",19.5248273,-99.1579753
"Calz. Vallejo 1268, Santa Rosa, Ciudad De México, Santa Rosa, Gustavo A. Madero, Distrito Federal",,
"AV. EDUARDO MOLINA, San Juan De Aragón VII Sección, Gustavo A. Madero, Distrito Federal",19.479013,-99.098516
"Santiago Atepetlac, Gustavo A. Madero, Distrito Federal",19.5228371,-99.1605541
"Av. 495 28, San Juan De Aragón 7a Secc., Gustavo A. Madero, Distrito Federal",19.4691831,-99.0725397
"VALLE DE MITLA, San Juan De Aragón VI Sección, Gustavo A. Madero, Distrito Federal",,
"La Esmeralda, Gustavo A. Madero, Distrito Federal",19.4870554,-99.0860933
"Acueducto De Guadalupe, Gustavo A. Madero, Distrito Federal",19.4889617,-99.1171639
"C. CONDOMINIO 41, San Juan De Aragón V Sección, Gustavo A. Madero, Distrito Federal",,
"Calle Brillante 36, Col. Estrella, Ciudad De México, Estrella, Gustavo A. Madero, Distrito Federal",19.4758795,-99.118427
"Callao, Lindavista, Gustavo A. Madero, Distrito Federal",19.4864481,-99.1279697
"VOLCAN DE FUEGO, Pradera II Sección, Gustavo A. Madero, Distrito Federal",19.4769764,-99.0725639
"C. 683, San Juan De Aragón V Sección, Gustavo A. Madero, Distrito Federal",19.4536334,-99.0561139
"CAM. SAN JUAN DE ARAGON, Ampliación San Juan De Aragón, Gustavo A. Madero, Distrito Federal",,
"AV. MIGUEL OTHON DE MENDIZABAL, Nueva Industrial Vallejo, Gustavo A. Madero, Distrito Federal",19.5059253,-99.1483008
"EJE CENTRAL LAZARO CARDENAS, Vallejo, Gustavo A. Madero, Distrito Federal",19.5248604,-99.1586529
"FRAY MARTIN DE VALENCIA, Tepeyac Insurgentes, Gustavo A. Madero, Distrito Federal",,
"Martha, Guadalupe Tepeyac, Ciudad De México, Guadalupe Tepeyac, Gustavo A. Madero, Distrito Federal",19.4682318,-99.1188878
"Eduardo Molina 1320 Edif. 8 Dpto. 110, Vasco De Quiroga, Gustavo A. Madero, Distrito Federal",,
"Volcán Tlajomulco 22, Ampliación Providencia, Gustavo A. Madero, Distrito Federal",,
"Panamericana, Gustavo A. Madero, Distrito Federal",19.481292,-99.142124
"C. Apango 48, Cuautepec Alto Centro, Ciudad De México, Arboledas De Cuautepec El Alto, Gustavo A. Madero, Distrito Federal",19.5564344,-99.1324018
"CARACAS, Torres Lindavista, Gustavo A. Madero, Distrito Federal",19.5107745,-99.1436624
"El Coyol, Gustavo A. Madero, Distrito Federal",19.4873951,-99.0910802
"Norte 50 A 3839, Emiliano Zapata, Gustavo A. Madero, Distrito Federal",19.4876185,-99.0863827
"Joyas Vallejo, Santa Rosa, Gustavo A. Madero, Distrito Federal",,
"AND. PASEO EL ARBOLILLO, La Purísima Ticoman, Gustavo A. Madero, Distrito Federal",,
"AV. 699, San Juan De Aragón VI Sección, Gustavo A. Madero, Distrito Federal",19.4558726,-99.053896
"Salama, Valle Del Tepeyac, Gustavo A. Madero, Distrito Federal",19.4878322,-99.1433216
"Caracas Sur, Torres Lindavista, Gustavo A. Madero, Distrito Federal",19.5085363,-99.1444212
"Nte. 50, La Joyita, Ciudad De México, La Joyita, Gustavo A. Madero, Distrito Federal",19.4668194,-99.1210265
"Casa EN Venta Cuchilla DEL Tesoro Poniente  6 Gustavo A. Madero, Cuchilla Del Tesoro, Gustavo A. Madero, Distrito Federal",,
"CALLE 647, San Juan De Aragón V Sección, Gustavo A. Madero, Distrito Federal",19.4516205,-99.0620289
"Samuel, Guadalupe Tepeyac, Gustavo A. Madero, Distrito Federal",19.5040707,-99.0943649
"San Juan De Puerto Rico, Residencial Zacatenco, Gustavo A. Madero, Distrito Federal",19.5059886,-99.1271392
"Norte 74 A No. 3517, La Joya, Gustavo A. Madero, Distrito Federal",,
"15 De Septiembre, Santa María Ticoman, Gustavo A. Madero, Distrito Federal",19.5514649,-99.1392712
"PRIMERA CDA. AV. 571, San Juan De Aragón IV Sección, Gustavo A. Madero, Distrito Federal",,
"Gustavo Madero ,lindavista, Gustavo A. Madero, Distrito Federal",19.4848583,-99.1178571
"11264 Calzada Vallejo 1268 Edificio D-10 Depto 003 Galaxias Vallejo, Santa Rosa, Gustavo A. Madero, Distrito Federal",,
"C. NORTE 94 A, San Juan De Aragón IV Sección, Gustavo A. Madero, Distrito Federal",19.4856846,-99.0853431
"BORODIN, Vallejo, Gustavo A. Madero, Distrito Federal",19.4682311,-99.133367
"Avenida Politécnico Nacional, Gustavo A. Madero, Distrito Federal",19.5028863,-99.1311018
"Valparaiso, 153 C, Tepeyac Insurgentes, Gustavo A. Madero, Distrito Federal",19.486269,-99.1227689
"OTE 107, Tepeyac Insurgentes, Gustavo A. Madero, Distrito Federal",19.5006923,-99.094593
"PTO ALVARADO 38, Ampliación Casas Alemán, Gustavo A. Madero, Distrito Federal",19.4757601,-99.0812654
"CIENFUEGOS, Residencial Zacatenco, Gustavo A. Madero, Distrito Federal",19.4915013,-99.1308691
"Lindavista, Mexico City, Lindavista, Gustavo A. Madero, Distrito Federal",19.4880621,-99.1350725
"TALPA, 117, San Felipe De Jesús, Gustavo A. Madero, Distrito Federal",19.497574,-99.0757547
"Siete Maravillas, Gustavo A. Madero, Distrito Federal",19.5146249,-99.1430217
"Managua, Lindavista Norte, Gustavo A. Madero, Distrito Federal",19.4921656,-99.1321048
"Norte 26, Industrial, Gustavo A. Madero, Distrito Federal",19.5339758,-99.1471334
"VILLA QUETZALCOATL, Villa De Aragón, Gustavo A. Madero, Distrito Federal",19.468822,-99.0596211
"Norte 80 A 6651, San Pedro El Chico, Gustavo A. Madero, Distrito Federal",19.5129933,-99.1522732
"Riobamba, Lindavista, Gustavo A. Madero, Distrito Federal",,
"De La Playa 51, Acueducto De Guadalupe, Gustavo A. Madero, 07790 Ciudad De México, CDMX, Mexico, Acueducto De Guadalupe, Gustavo A. Madero, Distrito Federal",19.5261919,-99.1553286
"Union 134, Industrial, Gustavo A. Madero, Distrito Federal",19.4634243,-99.1124864
"Zona De Estacionamiento Edif. 71 Depto 302 Zona 2, Jorge Negrete, Gustavo A. Madero, Distrito Federal",,
"Avenida 604, San Juan De Aragón 3a Secc., Gustavo A. Madero, Distrito Federal",19.4513954,-99.0780863
"Neiva, Lindavista Nte., Ciudad De México, Colonia Lindavista Norte, Gustavo A. Madero, Distrito Federal",19.4996361,-99.12744
"MARGARITA MAZA DE JUAREZ, Nueva Industrial Vallejo, Gustavo A. Madero, Distrito Federal",19.507229,-99.1549939
"San Juan De Aragón VI Sección, Gustavo A. Madero, Distrito Federal",19.4726553,-99.0872594
"Puerto Papantla, Casas Alemán Amp, Gustavo A. Madero, Distrito Federal",19.4772684,-99.0823275
"CALLE 631 38, San Juan De Aragón IV Sección, Gustavo A. Madero, Distrito Federal",19.4524145,-99.0649245
"Calle 321 529, Nueva Atzacoalco, Gustavo A. Madero, Distrito Federal",19.5029008,-99.0825646
"C. 1501, San Juan De Aragón VI Sección, Gustavo A. Madero, Distrito Federal",19.4697938,-99.0707373
"Norte 5 A 4722, Defensores De La República, Gustavo A. Madero, Distrito Federal",19.4816342,-99.1427801
"Unidad Habitacional El Arbolillo II 40 Edif 40 Depto 203, El Arbolillo, Gustavo A. Madero, Distrito Federal",,
"De La Ribera 50, Acueducto De Guadalupe, Gustavo A. Madero, Distrito Federal",19.5268202,-99.1564514
"MATAGALPA, Lindavista Norte, Gustavo A. Madero, Distrito Federal",19.5024772,-99.1250429
"Barras, Lindavista, Gustavo A. Madero, Distrito Federal",19.5011793,-99.1292105
"Cienfuegos, Colonia Lindavista Sur, Gustavo A. Madero, Distrito Federal",19.4891543,-99.1324907
"BARRAS, Lindavista Norte, Gustavo A. Madero, Distrito Federal",19.5011793,-99.1292105
"Zacatenco, Tepeyac Insurgentes, Gustavo A. Madero, Distrito Federal",19.5128075,-99.1256184
"Matanzas 682, Colonia Lindavista Norte, Gustavo A. Madero, Distrito Federal",19.5057864,-99.1231232
"ARROYO ESCONDIDO, La Escalera, Gustavo A. Madero, Distrito Federal",19.5093378,-99.1384861
"Pernambuco, Lindavista, Gustavo A. Madero, Distrito Federal",19.4944265,-99.1231373
"Vasco De Quiroga, Col Del Obrero, Mexico City, Vasco De Quiroga, Gustavo A. Madero, Distrito Federal",19.493309,-99.0920265
"VILLA TENOCHTITLAN, Villa De Aragón, Gustavo A. Madero, Distrito Federal",19.4662505,-99.0601527
"Avenida 585, San Juan De Aragón, Gustavo A. Madero, Distrito Federal",19.4525779,-99.0747928
"RICARDO BELL, Vallejo, Gustavo A. Madero, Distrito Federal",,
"Magdalena De Las Salinas, Gustavo A. Madero, Distrito Federal",19.4787952,-99.1460154
"Estado De Baja California Sur, Providencia, Gustavo A. Madero, Distrito Federal",19.4817599,-99.0761663
"Pte. 6 39, Cuchilla Del Tesoro, Gustavo A. Madero, Distrito Federal",19.4821229,-99.0927692
"La Malinche, Gustavo A. Madero, Distrito Federal",19.454637,-99.1006412
"AMBATO, Lindavista Norte, Gustavo A. Madero, Distrito Federal",19.500714,-99.1283312
"PONIENTE 112, San Bartolo Atepehuacan, Gustavo A. Madero, Distrito Federal",19.4790329,-99.1480358
"MAESTRO RURAL, 8, Zona Escolar, Gustavo A. Madero, Distrito Federal",19.5413674,-99.1521051
"LEON CAVALLO, Vallejo, Gustavo A. Madero, Distrito Federal",19.4674444,-99.1257821
"Avenida Río De Los Remedios No. 164, La Candelaria Ticoman, Gustavo A. Madero, Distrito Federal",19.5038022,-99.0776075
"AV DEL TANQUE II, Lindavista Sur, Gustavo A. Madero, Distrito Federal",,
"PUERTO OPORTO, San Juan De Aragón I Sección, Gustavo A. Madero, Distrito Federal",19.4687165,-99.0911071
"Lima, Colonia Lindavista Norte, Gustavo A. Madero, Distrito Federal",19.4884589,-99.1307335
"Puente De Calderón, San Bartolo Atepehuacan, Gustavo A. Madero, Distrito Federal",19.4969835,-99.1445186
"5 De Febrero No.34, Aragón La Villa, Gustavo A. Madero, Distrito Federal",19.5079707,-99.1051266
"Norte 84, San Pedro El Chico, Gustavo A. Madero, Distrito Federal",19.5129933,-99.1522732
"C. GOUNOD, Vallejo, Gustavo A. Madero, Distrito Federal",,
"Cienfuegos, Lindavista, Gustavo A. Madero, Distrito Federal",19.4891543,-99.1324907
"Otilia, Guadalupe Tepeyac, Gustavo A. Madero, Distrito Federal",19.4680003,-99.1185239
"Calle Nte. 74, La Joya, Ciudad De México, La Joya, Gustavo A. Madero, Distrito Federal",19.4888349,-99.1170112
"Departamentos Y Estudios En Preventa En Atmósfera Martín Carrera: Av. Martín Carrera #130, Martín Carrera, Gustavo A. Madero, Cdmx, México Al 100, Martín Carrera, Gustavo A. Madero, Distrito Federal",,
"Insurgentes Norte 1099, Vallejo, Gustavo A. Madero, Distrito Federal",19.5009923,-99.1181434
"NTE 78-A, San Juan De Aragón I Sección, Gustavo A. Madero, Distrito Federal",19.4700727,-99.1320852
"AVENIDA MIGUEL BERNARD, Lindavista Norte, Gustavo A. Madero, Distrito Federal",19.513845,-99.1418557
"PRIMERA CDA. 571, San Juan De Aragón III Sección, Gustavo A. Madero, Distrito Federal",,
"SAUCES 3, Granjas Modernas, Gustavo A. Madero, Distrito Federal",19.546829,-99.1247492
"CIENFUEGOS, Lindavista Norte, Gustavo A. Madero, Distrito Federal",19.4915013,-99.1308691
"Callao 773 Lt. 1 Mz. 109, Colonia Lindavista Vallejo II Sección, Gustavo A. Madero, Distrito Federal",,
"11119 Prudencia Griffel, Jorge Negrete, Gustavo A. Madero, Distrito Federal",,
"Av. La Rioja 23, San Pedro Zacatenco, Gustavo A. Madero, Distrito Federal",,
"Salaverry, San Pedro Zacatenco 135, Residencial Zacatenco, Gustavo A. Madero, Distrito Federal",19.5036666,-99.1264059
"AV OCEANIA, San Juan De Aragón I Sección, Gustavo A. Madero, Distrito Federal",19.4460728,-99.0869393
"AV. 499, San Juan De Aragón VI Sección, Gustavo A. Madero, Distrito Federal",19.4716154,-99.0707492
"CALZADA DE LOS MISTERIOS, Tepeyac Insurgentes, Gustavo A. Madero, Distrito Federal",19.4807542,-99.1202125
"Poniente 6 39, Cuchilla Del Tesoro, Gustavo A. Madero, Distrito Federal",19.4679344,-99.1422687
"Granate, Estrella, Gustavo A. Madero, Distrito Federal",19.473702,-99.1177252
"Defensores De La República, Gustavo A. Madero, Distrito Federal",19.474764,-99.142829
"AV. 527, San Juan De Aragón I Sección, Gustavo A. Madero, Distrito Federal",19.453111,-99.0922279
"Sin Calle, Lindavista Sur, Gustavo A. Madero, Distrito Federal",19.4817469,-99.1171968
"1 161, San José De La Escalera, Gustavo A. Madero, Distrito Federal",19.4827949,-99.1133606
"PTO. DE MAZATLAN, Guadalupe Tepeyac, Gustavo A. Madero, Distrito Federal",19.477859,-99.078336
"Ampliación Emiliano Zapata, Gustavo A. Madero, Distrito Federal",19.4640799,-99.1057341
"AURELIO LEYVA, Guadalupe Insurgentes, Gustavo A. Madero, Distrito Federal",19.4717132,-99.1348104
"Ciudad De México, CDMX, México, Gustavo A. Madero, Distrito Federal",19.4342349,-99.0733121
"AV. 547, San Juan De Aragón II Sección, Gustavo A. Madero, Distrito Federal",19.4514408,-99.0876518
"AV. 553, San Juan De Aragón II Sección, Gustavo A. Madero, Distrito Federal",19.4508263,-99.0862504
"SANTA GERTRUDIS, Industrial, Gustavo A. Madero, Distrito Federal",19.4712595,-99.126584
"Norte 74, La Joya, Gustavo A. Madero, Distrito Federal",19.4728505,-99.1452223
"Jorge Bizet, Vallejo, Gustavo A. Madero, Distrito Federal",,
"Norte 66 A, Cuchilla La Joya, Gustavo A. Madero, Distrito Federal",19.462891,-99.109876
"Prolongación De Turquesa 33, Estrella, Gustavo A. Madero, Distrito Federal",,
"Moctezuma, Aragón La Villa, Gustavo A. Madero, Distrito Federal",19.480687,-99.1185698
"Norte 17, Nueva Vallejo, Gustavo A. Madero, Distrito Federal",19.5036993,-99.1298892
"Ampliación Casas Alemán, Gustavo A. Madero, Distrito Federal",19.4763883,-99.0841141
"Brasilia, San Pedro Zacatenco, Gustavo A. Madero, Distrito Federal",19.5042067,-99.1209678
"CALLE 40, La Purísima Ticoman, Gustavo A. Madero, Distrito Federal",19.5193376,-99.1457953
"COQUIMBO, Lindavista Norte, Gustavo A. Madero, Distrito Federal",19.4908019,-99.1252331
"La Malinche, 10010 Ciudad De México, CDMX, México, Gustavo A. Madero, Distrito Federal",19.454637,-99.1006412
"NTE. 172, San Juan De Aragón II Sección, Gustavo A. Madero, Distrito Federal",19.4858451,-99.1182589
"La Escalera, Gustavo A. Madero, Distrito Federal",19.5119387,-99.1404822
"Calzada San Juan De Aragón 439, Rinconada Don Blas Edificio B, DM Nacional, Gustavo A. Madero, Distrito Federal",19.4834076,-99.1102877
"Calzada Chalma La Villa 50, Zona Escolar Oriente, Gustavo A. Madero, Distrito Federal",,
"Cuautepec Barrio Alto, Gustavo A. Madero, Distrito Federal",19.5580048,-99.1341732
"Pernambuco, Lindavista Sur, Gustavo A. Madero, Distrito Federal",19.4944265,-99.1231373
"Avenida Acueducto, Residencial La Escalera, Gustavo A. Madero, Distrito Federal",19.5189166,-99.1292412
"Conocido, 120, Lindavista Norte, Gustavo A. Madero, Distrito Federal",,
"El Arbolillo 43, Arbolillo II, Gustavo A. Madero, 07239 Ciudad De México, CDMX Edificio 47 Departamento 203, El Arbolillo, Gustavo A. Madero, Distrito Federal",19.5377176,-99.1438737
"Vasco De Quiroga, Gustavo A. Madero, Distrito Federal",19.493309,-99.0920265
"NORTE 25, Lindavista Sur, Gustavo A. Madero, Distrito Federal",19.5129933,-99.1522732
"ESCUELA INDUSTRIAL, Vallejo, Gustavo A. Madero, Distrito Federal",19.4633133,-99.0612
"Huacho, 7, San Bartolo Atepehuacan, Gustavo A. Madero, Distrito Federal",19.4931366,-99.1398889
"AV INSTITUTO POLITECNICO NACIONAL, Lindavista Norte, Gustavo A. Madero, Distrito Federal",19.5028863,-99.1311018
"Estado De Hidalgo 37-A, Providencia, Gustavo A. Madero, Distrito Federal",19.4827579,-99.0666077
"Atoyac, 361, San Felipe De Jesús, Gustavo A. Madero, Distrito Federal",19.5023601,-99.1195686
"Natal 670, Montevideo, Gustavo A. Madero, Distrito Federal",19.4940713,-99.1369816
"Gustavo A. Madero, Mexico City, Lindavista, Gustavo A. Madero, Distrito Federal",19.4848583,-99.1178571
"17-A, Acueducto De Guadalupe, Gustavo A. Madero, Distrito Federal",19.4827949,-99.1133606
"Gabriel Hernández, Gustavo A. Madero, Distrito Federal",19.4994284,-99.1032894
"Poniente 122, Ampliación Panamericana, Gustavo A. Madero, Distrito Federal",19.4679344,-99.1422687
"AV. 523, San Juan De Aragón I Sección, Gustavo A. Madero, Distrito Federal",19.4570658,-99.0916841
"Huitzilihuitl 9, Santa Isabel Tola, Gustavo A. Madero, Distrito Federal",19.5021923,-99.1121762
"Arroyo De Los Ahuehuetes, Residencial Zacatenco, Gustavo A. Madero, Distrito Federal",,
"FARALLONES, Acueducto De Guadalupe, Gustavo A. Madero, Distrito Federal",19.5243614,-99.1517115
"H. Congreso De La Unión 3640, Mártires De Río Blanco, Gustavo A. Madero, Distrito Federal",19.4634243,-99.1124864
"Boca Del Río, Residencial Acueducto De Guadalupe, Gustavo A. Madero, Distrito Federal",19.5215525,-99.1453363
"Lindavista, San Bartolo Atepehuacan, Gustavo A. Madero, Distrito Federal",19.4880621,-99.1350725
"Avenida Insurgentes Norte 1932, Colonia Lindavista Sur, Gustavo A. Madero, Distrito Federal",19.5009923,-99.1181434
"Pedernal, Tres Estrellas, Gustavo A. Madero, Distrito Federal",19.4711584,-99.1100247
"Henry Ford, Bondojito, Gustavo A. Madero, Distrito Federal",19.4710045,-99.1223853
"Guanajuato MZ298 LT5, San Felipe De Jesús, Gustavo A. Madero, 7500 - 7800 Ciudad De México, CDMX, Mexico, San Felipe De Jesús, Gustavo A. Madero, Distrito Federal",,
"Avenida Cerro Del Chiquihuite, La Candelaria Ticoman, Gustavo A. Madero, Distrito Federal",,
"Matagalpa 1029 Depto 5, Zacatenco, Gustavo A. Madero, Distrito Federal",,
"Cienfuegos, 1166, Residencial Zacatenco, Gustavo A. Madero, Distrito Federal",19.4891543,-99.1324907
"MELLADO, 7 De Noviembre, Gustavo A. Madero, Distrito Federal",,
"AV NOE, Guadalupe Tepeyac, Gustavo A. Madero, Distrito Federal",19.4668194,-99.1210265
"Calzada Vallejo, Nueva Vallejo, Gustavo A. Madero, Distrito Federal",19.5167815,-99.162361
"Calz De Guadalupe, Guadalupe Tepeyac, Gustavo A. Madero, Distrito Federal",,
"Caruso 321, Industrial Vallejo, Gustavo A. Madero, Distrito Federal",19.4663071,-99.1305462
"Avenida Instituto Politécnico Nacional, Colonia Lindavista Sur, Gustavo A. Madero, Distrito Federal",19.5020712,-99.1313603
"EXCELSIOR, Industrial, Gustavo A. Madero, Distrito Federal",19.4708746,-99.1239196
"OPALO, S/N, Santa Rosa, Gustavo A. Madero, Distrito Federal",19.4732388,-99.1165418
"Gta. Sur 64, San Buenaventura, Tlalpan, 14620 Ciudad De México, CDMX, México, Gustavo A. Madero, Distrito Federal",,
"AV HUASTECA, Industrial, Gustavo A. Madero, Distrito Federal",19.4743339,-99.1245531
"Asperon 6240, Aragón Inguaran, Gustavo A. Madero, Distrito Federal",19.4718252,-99.1121944
"Norte 74-A, Faja De Oro, Gustavo A. Madero, Distrito Federal",19.4728505,-99.1452223
"Gustavo Madero, Lindavista, Gustavo A. Madero, Distrito Federal",19.4848583,-99.1178571
"Ampliación Panamericana, Gustavo A. Madero, Distrito Federal",19.4773569,-99.1409637
"Trujillo, Lindavista Sur, Gustavo A. Madero, Distrito Federal",19.4927502,-99.1342708
"Salaverry, Residencial Zacatenco, Gustavo A. Madero, Distrito Federal",19.5036666,-99.1264059
"01730 Ciudad De México, CDMX, México, Gustavo A. Madero, Distrito Federal",19.4764273,-99.0793716
"Coquimbo, Lindavista, Gustavo A. Madero, Distrito Federal",19.4908019,-99.1252331
"AV. 661, San Juan De Aragón IV Sección, Gustavo A. Madero, Distrito Federal",19.4576242,-99.0618129
"JOYAS, Estrella, Gustavo A. Madero, Distrito Federal",19.4763121,-99.1202885
"Calle 16-a, Santa Rosa, Ciudad De México, Santa Rosa, Gustavo A. Madero, Distrito Federal",19.5220523,-99.1670306
"PTE. 152, Nueva Industrial Vallejo, Gustavo A. Madero, Distrito Federal",19.4658479,-99.1429492
"Calle Norte 7 A, Panamericana, Gustavo A. Madero, Distrito Federal",19.4762147,-99.1446777
"Avenida Miguel Othón De Mendizábal Oriente 456, Torres Lindavista, Gustavo A. Madero, Distrito Federal",19.5098075,-99.1382342
"LINDAVISTA, Planetario Lindavista, Gustavo A. Madero, Distrito Federal",19.4880621,-99.1350725
"BRASILIA, Residencial Zacatenco, Gustavo A. Madero, Distrito Federal",19.5042067,-99.1209678
"El Arbolillo II CROC, Gustavo A. Madero, Distrito Federal",19.5351421,-99.1446075
"AV INSURGENTES NTE, Lindavista Norte, Gustavo A. Madero, Distrito Federal",19.4861618,-99.118466
"03900 Ciudad De México, CDMX, México, Gustavo A. Madero, Distrito Federal",19.4764273,-99.0793716
"Calzada De Guadalupe 318, Vallejo, Gustavo A. Madero, Distrito Federal",19.4703016,-99.1229538
"Pedro Armendariz, Jorge Negrete, Gustavo A. Madero, Distrito Federal",19.5280058,-99.1426827
"Gustavo Madero, Gustavo A. Madero, Distrito Federal",19.4848583,-99.1178571
"Nueva Industrial Vallejo, Nueva Industrial Vallejo, Gustavo A. Madero, Distrito Federal",19.5129933,-99.1522732
"AV. PERLILLAR, San Bartolo Atepehuacan, Gustavo A. Madero, Distrito Federal",19.5178348,-99.1595042
"Av. Instituto Politécnico Nacional. Reforma, 32056, Lindavista Norte, Gustavo A. Madero, Distrito Federal",,
"Schumann, Vallejo, Gustavo A. Madero, Distrito Federal",,
"Av Centenario 2103, Gabriel Hernández, Gustavo A. Madero, Distrito Federal",19.5039724,-99.0933276
"DVORAK, Vallejo, Gustavo A. Madero, Distrito Federal",19.4672272,-99.1271126
"Schumann 117, Vallejo, Ciudad De México, Vallejo, Gustavo A. Madero, Distrito Federal",,
"DELIBES, Tepeyac Insurgentes, Gustavo A. Madero, Distrito Federal",19.4700241,-99.1402186
"Pernambuco, Lindavista Norte, Gustavo A. Madero, Distrito Federal",19.4944265,-99.1231373
"Av Cuautepec 22, Jorge Negrete, Gustavo A. Madero, Distrito Federal",19.5215061,-99.1420793
"Puno, 772, Lindavista Sur, Gustavo A. Madero, Distrito Federal",19.4886805,-99.1311344
"Calle 13, Ampliación Progreso Nacional, Gustavo A. Madero, Distrito Federal",19.5192417,-99.1593762
"AV. EUZKARO, Industrial, Gustavo A. Madero, Distrito Federal",19.480049,-99.124437
"MALAQUITA, Estrella, Gustavo A. Madero, Distrito Federal",19.4748679,-99.1126823
"Av 506, San Juan De Aragón, Gustavo A. Madero, Distrito Federal",19.4557579,-99.0889779
"MIGUEL BERNARD, Siete Maravillas, Gustavo A. Madero, Distrito Federal",19.5055014,-99.1353444
"Sardonia, Estrella, Gustavo A. Madero, Distrito Federal",,
"EJE CENTRAL LAZARO CARDENAS, San Bartolo Atepehuacan, Gustavo A. Madero, Distrito Federal",19.5248604,-99.1586529
"PUNTO FIJO, Torres Lindavista, Gustavo A. Madero, Distrito Federal",19.5107413,-99.144289
"Arequipa 702, Lindavista, Gustavo A. Madero, Distrito Federal",19.4914538,-99.1220994
"Progreso Nacional, Progreso Nacional, Gustavo A. Madero, Distrito Federal",19.5184262,-99.1563715
"Moctezuma 719, Santa Isabel Tola, Gustavo A. Madero, Distrito Federal",19.5448571,-99.1279631
"Av. Congreso De La Union, San Juan De Aragón, Gustavo A. Madero, Distrito Federal",19.4634243,-99.1124864
"Fundidora De Monterrey, Industrial, Gustavo A. Madero, Distrito Federal",19.4755029,-99.1279861
"Nueva Vallejo, Gustavo A. Madero, Distrito Federal",19.5084773,-99.1579443
"Cienfuegos, Zacatenco, Gustavo A. Madero, Distrito Federal",19.4891543,-99.1324907
"FELIPE VILLANUEVA, Vallejo, Gustavo A. Madero, Distrito Federal",,
"AV.HENRY FORD, Guadalupe Tepeyac, Gustavo A. Madero, Distrito Federal",19.4682503,-99.1132738
"MOCTEZUMA, Aragón La Villa, Gustavo A. Madero, Distrito Federal",19.480687,-99.1185698
"Calzada Vallejo, 1660, Santa Rosa, Gustavo A. Madero, Distrito Federal",19.5167815,-99.162361
"INSURGENTES NORTE, Lindavista Norte, Gustavo A. Madero, Distrito Federal",19.5009923,-99.1181434
"Norte 56 A, 3824, Mártires De Río Blanco, Gustavo A. Madero, Distrito Federal",19.5129933,-99.1522732
"Av. 504, San Juan De Aragón, Gustavo A. Madero, Distrito Federal",19.4509963,-99.0875815
"Lindavista, Gustavo A. Madero, Distrito Federal",19.4880621,-99.1350725
"CALPUTITLAN, Lindavista Sur, Gustavo A. Madero, Distrito Federal",19.4797352,-99.1316869
"JUAN SEBASTIAN BACH, 253, Vallejo, Gustavo A. Madero, Distrito Federal",19.4699485,-99.1355012
"ESCUADRON 201, La Purísima Ticoman, Gustavo A. Madero, Distrito Federal",19.5163562,-99.1369246
"DEBUSSY, Vallejo, Gustavo A. Madero, Distrito Federal",19.4703235,-99.139587
"MINA, Lindavista Sur, Gustavo A. Madero, Distrito Federal",19.4845934,-99.1143646
"Lindavista Vallejo I Sección, Gustavo A. Madero, Distrito Federal",,
"Tesoro S/N, Tres Estrellas, Gustavo A. Madero, Distrito Federal",19.4714309,-99.1114731
"Oniquina, Tres Estrellas, Gustavo A. Madero, Distrito Federal",19.4721222,-99.1105347
"Calle Mina, 10, Villa Gustavo A. Madero, Gustavo A. Madero, Distrito Federal",19.5426453,-99.133794
"General Miguel Miramón, Martín Carrera, Gustavo A. Madero, Distrito Federal",19.4893311,-99.1080208
"Cuitlahuac, Guadalupe Victoria, Gustavo A. Madero, Distrito Federal",19.4741193,-99.1461678
"AV. 414 - A, San Juan De Aragón VI Sección, Gustavo A. Madero, Distrito Federal",19.4662432,-99.0637093
"Calz. De Guadalupe, Vallejo, Gustavo A. Madero, Distrito Federal",,
"MAPIMI, Lindavista Sur, Gustavo A. Madero, Distrito Federal",,
"Unión, 134, Industrial, Gustavo A. Madero, Distrito Federal",19.4634243,-99.1124864
"Mártires De Río Blanco, Gustavo A. Madero, Distrito Federal",19.4617589,-99.1063622
"Av. Atzacoalco, 83, Constitución De La República, Gustavo A. Madero, Distrito Federal",19.5107359,-99.0944703
"Montiel 222, Lindavista, Gustavo A. Madero, Distrito Federal",19.4871723,-99.1273749
"Av. Rio De Los Remedios 939, La Candelaria Ticoman, Gustavo A. Madero, Distrito Federal",19.5114865,-99.0957625
"1a. Cda. Mexilamaco Mz 32 Lt 13, Palmatitla, Gustavo A. Madero, Distrito Federal",,
"SULLANA, Lindavista Sur, Gustavo A. Madero, Distrito Federal",19.4930148,-99.1391242
"PORTUGAL, 7 De Noviembre, Gustavo A. Madero, Distrito Federal",19.4617461,-99.1241328
"Avenida Ferrocarril Hidalgo 1375, Bondojito, Gustavo A. Madero, Distrito Federal",19.5004994,-99.0935907
"Venta DE Casa EN  Gustavo  A Madero Colonia Lindaviista, Gustavo A. Madero, Distrito Federal",,
"Caca, 29, Santa Isabel Tola, Gustavo A. Madero, Distrito Federal",,
"Misterios 218 ,vallejo, Vallejo, Gustavo A. Madero, Distrito Federal",19.4728838,-99.12316
"Av. San Juan De Aragón 600, Constitución De La República, Gustavo A. Madero, Distrito Federal",19.4708142,-99.0934596
"Guadalupe Tepeyac SN, Guadalupe Tepeyac, Gustavo A. Madero, Distrito Federal",19.4675479,-99.1205924
"Eduardo Molina 3508, La Joya, Gustavo A. Madero, 07890 Ciudad De México, CDMX, Mexico, La Joya, Gustavo A. Madero, Distrito Federal",19.483602,-99.0904584
"VASCO DE QUIROGA, DM Nacional, Gustavo A. Madero, Distrito Federal",19.493309,-99.0920265
"Moctezuma, Aragón La Villa(Aragón), Ciudad De México, Aragón La Villa, Gustavo A. Madero, Distrito Federal",19.480687,-99.1185698
"CASAS ALEMAN, Granjas Modernas, Gustavo A. Madero, Distrito Federal",19.4746034,-99.0884909
"Nueva Tenochtitlan, Gustavo A. Madero, Distrito Federal",19.4567136,-99.103723
"TEMACA, Aragón Inguaran, Gustavo A. Madero, Distrito Federal",19.4721754,-99.1074797
"Padre Juan Bosco, Vasco De Quiroga, Gustavo A. Madero, Distrito Federal",19.4919775,-99.0960219
"Gustavo A. Madero, Mexico City, Barrio Candelaria Ticomán, Gustavo A. Madero, Distrito Federal",19.4848583,-99.1178571
"TALISMAN, Estrella, Gustavo A. Madero, Distrito Federal",19.4743547,-99.1079675
"Mendelssohn, Vallejo, Ciudad De México, Vallejo, Gustavo A. Madero, Distrito Federal",19.4658839,-99.1394647
"De La Neblina 1 - 300, Acueducto De Guadalupe, Ciudad De México, Acueducto De Guadalupe, Gustavo A. Madero, Distrito Federal",,
"Puerto Oporto, San Juan De Aragón, Gustavo A. Madero, Distrito Federal",19.4687165,-99.0911071
"Nte. 3, Panamericana, Ciudad De México, Panamericana, Gustavo A. Madero, Distrito Federal",19.4700727,-99.1320852
"Residencial Zacatenco, Mexico City, Zacatenco, Gustavo A. Madero, Distrito Federal",19.5052162,-99.1257391
"NORTE 70, Granjas Modernas, Gustavo A. Madero, Distrito Federal",19.462725,-99.108813
"Oniquina 6225, Aragón Inguaran, Gustavo A. Madero, Distrito Federal",19.4721222,-99.1105347
"BLVD DEL TEMOLUCO, La Purísima Ticoman, Gustavo A. Madero, Distrito Federal",19.5253061,-99.1496944
"AV CONSTITUCION DE LA REPUBLICA, Pradera II Sección, Gustavo A. Madero, Distrito Federal",19.4796305,-99.0620915
"Avenida Eduardo Molina, 4701, Nueva Tenochtitlan, Gustavo A. Madero, Distrito Federal",19.479013,-99.098516
"Luis De La Rosa, Constitución De La República, Ciudad De México, Constitución De La República, Gustavo A. Madero, Distrito Federal",19.4819849,-99.1008683
"CALZ. VALLEJO, Nueva Industrial Vallejo, Gustavo A. Madero, Distrito Federal",,
"RIO CONSULADO, 1796, 7 De Noviembre, Gustavo A. Madero, Distrito Federal",19.4643959,-99.1453129
"Calz. Ticomán, 480, San Pedro Zacatenco, Gustavo A. Madero, Distrito Federal",,
"Alberto Herrera 75, Aragón La Villa(Aragón),, 131, Aragón La Villa, Gustavo A. Madero, Distrito Federal",19.4811544,-99.1139134
"Ricarte, 659, San Bartolo Atepehuacan, Gustavo A. Madero, Distrito Federal",19.4827463,-99.1216702
"PEDRO MORENO, 7 De Noviembre, Gustavo A. Madero, Distrito Federal",19.4866053,-99.1192117
"Prof. Pablo Moreno, Gabriel Hernández, Gustavo A. Madero, Distrito Federal",,
"Camino De La Prosperidad, Campestre Aragón, Gustavo A. Madero, Distrito Federal",19.4863376,-99.0820692
"Av Instituto Politécnico Nacional 1923A, Lindavista, Ciudad De México, Lindavista, Gustavo A. Madero, Distrito Federal",19.5028863,-99.1311018
"Tezozómoc, Santa Isabel Tola, Gustavo A. Madero, Distrito Federal",19.5594809,-99.1452898
"5 De Mayo, Nueva Atzacoalco, Gustavo A. Madero, Distrito Federal",19.4861726,-99.1177686
"GRAL. POPO, Industrial, Gustavo A. Madero, Distrito Federal",,
"AV. ING. BASILISO ROMO ANGUIANO, Guadalupe Tepeyac, Gustavo A. Madero, Distrito Federal",,
"ESTAÑO, 7 De Noviembre, Gustavo A. Madero, Distrito Federal",,
"SMETANA, Vallejo, Gustavo A. Madero, Distrito Federal",19.4647869,-99.1316433
"Calzada De Los Misterios, Vallejo, Gustavo A. Madero, Distrito Federal",19.4858451,-99.1182589
"Uranio, 289, Nueva Industrial Vallejo, Gustavo A. Madero, Distrito Federal",19.5163835,-99.1488488
"COBAN, Lindavista Sur, Gustavo A. Madero, Distrito Federal",19.488593,-99.1405139
"Godard, Guadalupe Victoria, Gustavo A. Madero, Distrito Federal",19.4703429,-99.1421433
"CALI 627, Lindavista, Gustavo A. Madero, Distrito Federal",19.489093,-99.1249124
"Siete De Noviembre, Mexico City, 7 De Noviembre, Gustavo A. Madero, Distrito Federal",,
"MARTIN CARRERA 156, Martín Carrera, Gustavo A. Madero, Distrito Federal",19.4886214,-99.1070787
"Rio Consulado, San Juan De Aragón II Sección, Gustavo A. Madero, Distrito Federal",19.4643959,-99.1453129
"Cali 702, Lindavista, Gustavo A. Madero, 07300 Ciudad De México, CDMX, Mexico, Colonia Lindavista Norte, Gustavo A. Madero, Distrito Federal",19.4912986,-99.1230891
"Av 300 - 600, San Juan De Aragón I Secc, Ciudad De México, San Juan De Aragón, Gustavo A. Madero, Distrito Federal",19.468558,-99.0636906
"Lindavista Vallejo II Sección, Gustavo A. Madero, Distrito Federal",,
"La Pradera 1a Sección, Gustavo A. Madero, Distrito Federal",19.4743409,-99.0682264
"Av. Chalmita, Zona Escolar Oriente, Gustavo A. Madero, Distrito Federal",19.532774,-99.1479445
"Ampliación Providencia, Gustavo A. Madero, Distrito Federal",19.479849,-99.0753065
"El Arbolillo, Gustavo A. Madero, Distrito Federal",19.5304377,-99.1489895
"Payta, Lindavista Sur, Ciudad De México, Lindavista Norte, Gustavo A. Madero, Distrito Federal",19.4896519,-99.1343709
"Payta 725, Lindavista, Ciudad De México, Lindavista Sur, Gustavo A. Madero, Distrito Federal",19.4896519,-99.1343709
"Carr. Tenayuca Chalmita 50, Arbolillo II, Ciudad De México, El Arbolillo II CROC, Gustavo A. Madero, Distrito Federal",,
"Manizales 0, Lindavista Norte, Gustavo A. Madero, Distrito Federal",19.5049216,-99.1249383
"Chosica 655, Lindavista Norte, Gustavo A. Madero, Distrito Federal",19.4883345,-99.1360549
"Lindavista 00, Planetario Lindavista, Gustavo A. Madero, Distrito Federal",19.5098825,-99.1458117
". 0, Torres Lindavista, Gustavo A. Madero, Distrito Federal",19.506314,-99.1445042
"Av. Lindavista  S/N, Lindavista Norte, Gustavo A. Madero, Distrito Federal",19.487434,-99.1207098
"Av. San Juan De Aragon No. 544 Edif. Napoles Depto. 505, Eduardo Molina, Gustavo A. Madero, Distrito Federal",,
"Ampliación Guadalupe Proletaria, Gustavo A. Madero, Distrito Federal",19.5194858,-99.147971
"Héroe De Nacozari, Gustavo A. Madero, Distrito Federal",19.4711159,-99.1450437
"El Arbolillo III CROC, Gustavo A. Madero, Distrito Federal",,
"La Pradera, Gustavo A. Madero, Distrito Federal",19.4735352,-99.0779876
"San Juan De Aragón II Sección, Gustavo A. Madero, Distrito Federal",19.4726553,-99.0872594
"Terreno EN Venta Vallejo, Vallejo, Gustavo A. Madero, Distrito Federal",,
"MANUEL MORALES, Ferrocarrilera, Gustavo A. Madero, Distrito Federal",19.4803948,-99.0983823
"N/A 0, San Juan De Aragón, Gustavo A. Madero, Distrito Federal",19.4815786,-99.1009449
"N/A 1 - 300, Granjas Modernas, Gustavo A. Madero, Distrito Federal",19.4815786,-99.1009449
"Noé 42, Guadalupe Tepeyac, Gustavo A. Madero, Distrito Federal",19.4668194,-99.1210265
"Farallones SN, Residencial Acueducto De Guadalupe, Gustavo A. Madero, Distrito Federal",19.5243614,-99.1517115
"Ampliación Progreso Nacional, Gustavo A. Madero, Distrito Federal",19.5191857,-99.1630663
"25 De Julio, Gustavo A. Madero, Distrito Federal",19.4962414,-99.0824116
"Clz. San Juan De Aragon  Edif. Malva Real 530, DM Nacional, Gustavo A. Madero, Distrito Federal",,
"Calzada De Guadalupe, Guadalupe Tepeyac, Gustavo A. Madero, Distrito Federal",19.4800549,-99.1189481
"Miguel Othón De Mendizábal Poniente, Nueva Industrial Vallejo, Gustavo A. Madero, Distrito Federal",,
"Nte. 94-A, Milagro, Ciudad De México, El Milagro, Gustavo A. Madero, Distrito Federal",19.4858451,-99.1182589
"Excelente Bodega Comercial O Industrial Con Gran Potencial Para Desarrollar Uso Mixto Hasta 8 Niveles HM 8/30/z Zona Val, Gustavo A. Madero, Distrito Federal",,
"Nte. 94-A 8519, Milagro, Ciudad De México, El Milagro, Gustavo A. Madero, Distrito Federal",19.4725481,-99.087395
"Av. Río Consulado 2608, San Juan De Aragón I Secc, Ciudad De México, San Juan De Aragón I Sección, Gustavo A. Madero, Distrito Federal",19.4597924,-99.1217543
"Av. Río Consulado, San Juan De Aragón I Secc, Ciudad De México, San Juan De Aragón I Sección, Gustavo A. Madero, Distrito Federal",19.4597924,-99.1217543
"Av. Talismán 448, Granjas Modernas, Ciudad De México, CDMX, México, Gustavo A. Madero, Distrito Federal",19.4720431,-99.1049081
"Casa En Venta En Fracc. La Escalera En Jesús Ma. Aguascalientes., La Escalera, Gustavo A. Madero, Distrito Federal",,
"Venta De Terreno En La Escalera, Jesús María, Aguascalientes. //, La Escalera, Gustavo A. Madero, Distrito Federal",,
"Santa Rosa, Mexico City, Santa Rosa, Gustavo A. Madero, Distrito Federal",19.4740027,-99.1255167
"Lindavista Vallejo III Secc, Mexico City, Nueva Vallejo, Gustavo A. Madero, Distrito Federal",,
"Insurgentes Nte. 1249, Guadalupe Insurgentes, Ciudad De México, Guadalupe Insurgentes, Gustavo A. Madero, Distrito Federal",19.48326,-99.0938507
"Gustavo A. Madero, Mexico City, Ampliación Arboledas, Gustavo A. Madero, Distrito Federal",19.4848583,-99.1178571
"Nte 90 5911, Gertrudis Sánchez II Secc, Ciudad De México, Gertrudis Sánchez 2a Sección, Gustavo A. Madero, Distrito Federal",19.4658938,-99.086824
"México Nuevo Vallejo, Margarita Maza De Juárez 168, Margarita Maza De Juárez Deportivo, Ciudad De México, Nueva Industrial Vallejo, Gustavo A. Madero, Distrito Federal",,
"De La Borrasca 7, Acueducto De Guadalupe, Ciudad De México, Acueducto De Guadalupe, Gustavo A. Madero, Distrito Federal",19.5217511,-99.1457887
"Ramiriqui 900 - 1200, Lindavista, Ciudad De México, Lindavista, Gustavo A. Madero, Distrito Federal",19.5075242,-99.1249049
"Rebeca 180, Guadalupe Tepeyac, Ciudad De México, Guadalupe Tepeyac, Gustavo A. Madero, Distrito Federal",19.4685885,-99.1178316
"Chiclayo 920, Lindavista Nte., Ciudad De México, Colonia Lindavista Norte, Gustavo A. Madero, Distrito Federal",19.4878635,-99.1323827
"Acoltzin 1 - 300, Santa Isabel Tola, Ciudad De México, Santa Isabel Tola, Gustavo A. Madero, Distrito Federal",19.4943513,-99.1162266
"Vallejo Poniente, Mexico City, Santa Rosa, Gustavo A. Madero, Distrito Federal",19.5191857,-99.1630663
"San Juan De Aragón 544 DM Nacional, Torres De San Juan, Ciudad De México, DM Nacional, Gustavo A. Madero, Distrito Federal",19.4788855,-99.097912
"C. 1 62, San José De La Escalera, Ciudad De México, San José De La Escalera, Gustavo A. Madero, Distrito Federal",19.5217615,-99.1519851
"Industria 1 - 300, Tepeyac Insurgentes, Ciudad De México, Tepeyac Insurgentes, Gustavo A. Madero, Distrito Federal",19.4904707,-99.1116816
"C. 321 64, El Coyol, Gustavo A. Madero, 07420 Ciudad De México, CDMX, Mexico, El Coyol, Gustavo A. Madero, Distrito Federal",19.5029008,-99.0825646
"Nte. 70-A 6113, Gertrudis Sánchez I Secc, Gustavo A. Madero, 7800 - 8100 Ciudad De México, CDMX, Mexico, Aragón Inguaran, Gustavo A. Madero, Distrito Federal",19.4919855,-99.0863449
"Arequipa 750, Lindavista, Ciudad De México, Lindavista Sur, Gustavo A. Madero, Distrito Federal",19.4861194,-99.1263566
"DM Nacional, Mexico City, DM Nacional, Gustavo A. Madero, Distrito Federal",19.4778665,-99.094982
"A. Sánchez Molina MZ25 LT1, Zona Escolar, Gustavo A. Madero, 07230 Ciudad De México, CDMX, Mexico, Zona Escolar, Gustavo A. Madero, Distrito Federal",,
"Pte. 108 439, Defensores De La República, Gustavo A. Madero, 07780 Ciudad De México, CDMX, Mexico, Defensores De La República, Gustavo A. Madero, Distrito Federal",19.4821229,-99.0927692
"Av Politécnico Nacional 3, Zona Escolar, Gustavo A. Madero, 7200 - 7500 Ciudad De México, CDMX, Mexico, Zona Escolar, Gustavo A. Madero, Distrito Federal",19.5034567,-99.1306842
"Codorniz DD1, Indeco, Ciudad De México, Ampliación Casas Alemán, Gustavo A. Madero, Distrito Federal",19.5614019,-99.1451158
"Del Obrero, Gustavo A. Madero, Distrito Federal",19.4998377,-99.0906027
"Av. 553 196, San Juan De Aragón II Secc, Ciudad De México, San Juan De Aragón 2a Secc., Gustavo A. Madero, Distrito Federal",19.4576095,-99.083658
"De La Arena 33, Acueducto De Guadalupe, Ciudad De México, Residencial Acueducto De Guadalupe, Gustavo A. Madero, Distrito Federal",19.5208063,-99.1437298
"Pirineos 39, Industrial, Gustavo A. Madero, 07800 Ciudad De México, CDMX, Mexico, Industrial, Gustavo A. Madero, Distrito Federal",19.477101,-99.1285336
"Tenayuca Chalmita 551 Edif C, Zona Escolar, Gustavo A. Madero, Distrito Federal",,
"Ing Eduardo Molina 1720 Edif 12, Vasco De Quiroga, Gustavo A. Madero, Distrito Federal",,
