SKU,Titulo,Renta_MXN,Area_m2,Recamaras,Banos,Estacionamientos,Ubicacion,Alcaldia,Pagina_Origen,URL
601b6b46fa6afe7f5360c62c,"Departamento en Renta en Col. Ciudad de los deportes, Benito Juárez, CDMX",11000,36,1,1,0,"Holbein, Ciudad de los deportes",Benito Juárez,1,https://homie.mx/pub/601b6b46fa6afe7f5360c62c
5fa9cb08fa6afe1eb2ebe11a,"Casa en Renta en Tizapán San Ángel, Álvaro Obregón",12000,30,1,1,0,"Cuauhtémoc, Tizapán",Álvaro Obregón,1,https://homie.mx/pub/5fa9cb08fa6afe1eb2ebe11a
5bb66a1a533e3a201f5e67d7,"Departamento en renta - La Martinica, Álvaro Obregón",12500,90,2,1,0,"1a cerrada andros, La martinica",Álvaro Obregón,1,https://homie.mx/pub/5bb66a1a533e3a201f5e67d7
6041aca1fa6afe13b23b9a9a,"Departamento en Renta Lago Superior #31, Miguel Hidalgo, CDMX",12734,56,2,1,0,"Calle lago superior, Tacuba",Miguel Hidalgo,1,https://homie.mx/pub/6041aca1fa6afe13b23b9a9a
69ea9d58126431003a784b63,"Departamento en Renta – Nueva Rosita, Iztapalapa, CDMX",13310,80,3,1,0,"Ingenieros civiles, Nueva rosita",Iztapalapa,1,https://homie.mx/pub/69ea9d58126431003a784b63
622f75945e69100045450325,Departamento Tipo Loft con servicios incluidos*,14800,31,1,1,0,"Avenida revolución, Tacubaya",Departamento Tipo Loft con servicios incluidos*,1,https://homie.mx/pub/622f75945e69100045450325
65301fc6ddf20d0050df4c57,Departamento Tipo Loft con servicios incluidos*,14800,31,1,1,0,"Privada antonio maceo, Tacubaya",Departamento Tipo Loft con servicios incluidos*,1,https://homie.mx/pub/65301fc6ddf20d0050df4c57
61fef462aabc5f0048e9b2d2,Departamento Tipo Loft con servicios incluidos*,14800,31,1,1,0,"Avenida revolución, Tacubaya",Departamento Tipo Loft con servicios incluidos*,1,https://homie.mx/pub/61fef462aabc5f0048e9b2d2
640ff88403eb5b00510d91b4,"Departamento en renta - Lomas de Tarango, Álvaro Obregón",15540,60,2,1,0,"Avenida centenario, Lomas de tarango",Álvaro Obregón,1,https://homie.mx/pub/640ff88403eb5b00510d91b4
6283ed77ab6b3500424d9a9f,"Departamento en renta - Doctores, Cuauhtémoc",16000,97,2,2,0,"Doctor andrade, Doctores",Cuauhtémoc,1,https://homie.mx/pub/6283ed77ab6b3500424d9a9f
67056f5d068a58003b31ece2,"Departamento en Renta el Col. Jardín Balbuena, Venustiano Carranza, CDMX",5700,20,1,1,0,"Retorno 30 avenida del taller, Jardín balbuena",Venustiano Carranza,2,https://homie.mx/pub/67056f5d068a58003b31ece2
697d58215fdd4a003a99e140,"Habitación Amueblada en Renta con Servicios Incluidos en Xalpa, Cuajimalpa",5800,36,1,1,0,"San miguel, Xalpa",Cuajimalpa,2,https://homie.mx/pub/697d58215fdd4a003a99e140
5a989abf533e3a26c0014d53,Departamento en renta - San Diego Ocoyoacac,6000,55,2,1,0,"Cañito 25, San diego ocoyoacac",Departamento en renta - San Diego Ocoyoacac,2,https://homie.mx/pub/5a989abf533e3a26c0014d53
67e6c6bb08b870003bab598d,"Casa en Renta en Industrias Tultepec, Ecatepec, EdoMex",7900,75,3,2,0,"Avenida europa, Industrias tulpetlac",EdoMex,2,https://homie.mx/pub/67e6c6bb08b870003bab598d
5bea3e11533e3a3f5ab6397f,"Departamento en renta - Tepalcates, Iztapalapa",8100,48,2,1,0,"Santa teresa, Tepalcates",Iztapalapa,2,https://homie.mx/pub/5bea3e11533e3a3f5ab6397f
69a5ee3789152f003b944e2a,Casa en renta en Las Américas Ecatepec,8400,75,2,2,0,"América central, Las américas",Casa en renta en Las Américas Ecatepec,2,https://homie.mx/pub/69a5ee3789152f003b944e2a
5f99e539fa6afe112f85b5c7,"Departamento en Renta en Col. Coapa, Coyoacán, CDMX",9000,52,2,1,0,"Andador sin nombre, Culhuacan ctm ix a",Coyoacán,2,https://homie.mx/pub/5f99e539fa6afe112f85b5c7
6014bbbefa6afe094f9c611b,"Departamento en Molino de Rosas, Álvaro Obregón",9000,40,1,1,0,"Rosa carmesí, Molino de rosas",Álvaro Obregón,2,https://homie.mx/pub/6014bbbefa6afe094f9c611b
67b67f11b55f3e003bb3e84f,Departamento en Renta en Magdalena Mixihuca,9800,76,3,1,0,"Calle nicolás romero, Magdalena mixihuca",Departamento en Renta en Magdalena Mixihuca,2,https://homie.mx/pub/67b67f11b55f3e003bb3e84f
695d6e12a74c48003a7483fe,"Departamento en renta en Av. Picacho Ajusco, Tlalpan",12500,90,3,2,0,"Privada morelos, Magdalena petlacalco",Tlalpan,2,https://homie.mx/pub/695d6e12a74c48003a7483fe
683e272b181157003b965209,"Departamento en renta en Valle Gómez, Venustiano Carranza",12700,56,2,1,0,"Zinc, Valle gómez",Venustiano Carranza,3,https://homie.mx/pub/683e272b181157003b965209
69fe5fc5f3461c003b665538,"Departamento en Renta en Miguel Hidalgo 2da Sección, Tlalpan, CDMX",13000,60,2,1,0,"San felipe, Miguel hidalgo 2da sección",Tlalpan,3,https://homie.mx/pub/69fe5fc5f3461c003b665538
688911eb85fbe6003ab79540,"Departamento en Renta en Lago Cuitzeo 234, Anáhuac I Sección",14200,71,2,1,0,"Lago cuitzeo, Anáhuac i sección",Anáhuac I Sección,3,https://homie.mx/pub/688911eb85fbe6003ab79540
583c6529e8afdaae4a0000a1,"Departamento tipo Loft en Bosques de las Lomas, Cuajimalpa de Morelos",14400,68,1,1,0,"Fábrica de cartuchos, Lomas del chamizal",Cuajimalpa de Morelos,3,https://homie.mx/pub/583c6529e8afdaae4a0000a1
5b25b3a6533e3a3d3bd72193,Departamento en renta - Integración Latinoamericana,16000,60,2,2,0,"Av. universidad, Barrio oxtopulco universidad",Departamento en renta - Integración Latinoamericana,3,https://homie.mx/pub/5b25b3a6533e3a3d3bd72193
67326d2f8cb673003bf2d2ae,"¡Lofts amueblados con gym, alberca y servicios incluidos desde $16,110*",16110,38,1,1,0,"Avenida revolución, Tacubaya",110*,3,https://homie.mx/pub/67326d2f8cb673003bf2d2ae
69d6972a17a9ba003c114321,"Departamento en Renta Av. Lomas de Sotelo, Miguel Hidalgo, CDMX",16123,77,2,1,0,"Avenida lomas de sotelo, 10 de abril",Miguel Hidalgo,3,https://homie.mx/pub/69d6972a17a9ba003c114321
69f39e91b33d8a003a1765fc,"Loft a estrenar en renta, Río Papaloapan col. Juárez, Cuauhtémoc.",16500,30,1,1,0,"Río papaloapan, Cuauhtémoc",Cuauhtémoc.,3,https://homie.mx/pub/69f39e91b33d8a003a1765fc
69ab00ea37dd4a003abd3ba5,Loft en renta a estrenar en Río Papaloapan cercano a Av. Paseo de la Reforma,16500,30,1,1,0,"Río papaloapan, Cuauhtémoc",Loft en renta a estrenar en Río Papaloapan cercano a Av. Paseo de la Reforma,3,https://homie.mx/pub/69ab00ea37dd4a003abd3ba5
67929e7a06948c003ae47f95,"Loft en Renta - Toreo, Miguel Hidalgo",16612,32,1,1,0,"Avenida ingenieros militares, Lomas de sotelo",Miguel Hidalgo,3,https://homie.mx/pub/67929e7a06948c003ae47f95
69d6d16cf54159003bfe29b4,Loft en Renta de 50 m² Amueblado y con Servicios Incluidos,17991,50,1,1,0,"Avenida revolución, Tacubaya",Loft en Renta de 50 m² Amueblado y con Servicios Incluidos,4,https://homie.mx/pub/69d6d16cf54159003bfe29b4
5d5ad2e1fa6afe66753848bd,"Departamento en Renta en la Col. Vista Hermosa, Alcaldía Cuajimalpa, CDMX",18000,101,2,1,0,"Loma de la palma, Lomas de vista hermosa",Alcaldía Cuajimalpa,4,https://homie.mx/pub/5d5ad2e1fa6afe66753848bd
69e7d5d28e3e66003a790323,"Loft amplio con excelente ubicacion  – Col. Del Valle Norte, Benito Juárez",18400,58,1,1,0,"San francisco, Colonia del valle norte",Benito Juárez,4,https://homie.mx/pub/69e7d5d28e3e66003a790323
57a8fb72d2a57d1aca00024e,"Casa en Renta en Col. Ex-ejido De San Francisco, Coyoacán, CDMX",18820,120,2,1,0,"Ejido la candelaria, Ex-ejido de san francisco culhuacan",Coyoacán,4,https://homie.mx/pub/57a8fb72d2a57d1aca00024e
652f1e88702da300509052b3,Departamento equipado de 1 habitación cerca de la Col. Condesa,18900,51,1,1,0,"Privada antonio maceo, Tacubaya",Departamento equipado de 1 habitación cerca de la Col. Condesa,4,https://homie.mx/pub/652f1e88702da300509052b3
62054c21dc584a00474873f9,Departamento equipado de 1 habitación cerca de la Col. Condesa,18900,52,1,1,0,"Avenida revolución, Tacubaya",Departamento equipado de 1 habitación cerca de la Col. Condesa,4,https://homie.mx/pub/62054c21dc584a00474873f9
5ca402844d35bf597ffefa50,"Departamento en Renta en Colonia Xoco, Alcaldía Benito Juárez, CDMX",19200,88,2,2,0,"Av. méxico coyoacan, Xoco",Alcaldía Benito Juárez,4,https://homie.mx/pub/5ca402844d35bf597ffefa50
69991bc8d35b8fe221bdd7e1,Loft en Vitant Polanco,19250,47,1,1,0,"Lago alberto, Anáhuac i sección",Loft en Vitant Polanco,4,https://homie.mx/pub/69991bc8d35b8fe221bdd7e1
6999119dd35b8fe221bdd3d4,"Departamentos en Renta desde $19,250 en Polanco con Alberca y Gym",19250,42,1,1,0,"Lago alberto, Anáhuac i sección",250 en Polanco con Alberca y Gym,4,https://homie.mx/pub/6999119dd35b8fe221bdd3d4
649475dffc575800522b484b,"Departamento en renta - Colonia del Gas, Azcapotzalco",20400,97,1,1,0,"Avenida jardín, Colonia del gas",Azcapotzalco,4,https://homie.mx/pub/649475dffc575800522b484b
69992fdcd35b8fe221bde13e,"Loft en Renta Cercano a Polanco | Alberca, Gym, Zona Pet y Más",20600,42,1,1,0,"Lago alberto, Anáhuac i sección",Zona Pet y Más,5,https://homie.mx/pub/69992fdcd35b8fe221bde13e
69992cdad35b8fe221bddfc4,Loft renta en Vitant Polanco,21000,51,1,1,0,"Lago alberto, Anáhuac i sección",Loft renta en Vitant Polanco,5,https://homie.mx/pub/69992cdad35b8fe221bddfc4
6792a2cae155b5003b783550,"Departamento de 1 recámara en renta, Toreo, Miguel Hidalgo.",21128,42,1,1,0,"Avenida ingenieros militares, Lomas de sotelo",Miguel Hidalgo.,5,https://homie.mx/pub/6792a2cae155b5003b783550
69992c4ad35b8fe221bddf7a,"Loft en renta en VITANT Lago Alberto, Miguel Hidalgo",21500,46,1,1,0,"Lago alberto, Anáhuac i sección",Miguel Hidalgo,5,https://homie.mx/pub/69992c4ad35b8fe221bddf7a
69992ec0d35b8fe221bde0b4,"Loft en renta en VITANT Lago Alberto, Miguel Hidalgo",21800,47,1,1,0,"Lago alberto, Anáhuac i sección",Miguel Hidalgo,5,https://homie.mx/pub/69992ec0d35b8fe221bde0b4
6792937406948c003ae47e37,"Depa de una recámara con amenidades increíbles - Calle Bucareli, Colonia Juárez",21934,39,1,1,0,"Bucareli, Juárez",Colonia Juárez,5,https://homie.mx/pub/6792937406948c003ae47e37
61804121a806730048886a1e,"Departamento en renta - Nonoalco, Benito Juárez",22500,64,2,2,0,"Avenida revolución, Nonoalco",Benito Juárez,5,https://homie.mx/pub/61804121a806730048886a1e
5d66e05ffa6afe6dd857f44e,"Espectacular loft de 115 mts en Colonia del Gas, Azcapotzalco.",23000,115,1,2,0,"Poniente 25-a, Colonia del gas",Azcapotzalco.,5,https://homie.mx/pub/5d66e05ffa6afe6dd857f44e
628597333444020041ccc1b1,"Departamento en renta en Granada, Miguel Hidalgo",23500,55,1,1,0,"Lago alberto, Granada",Miguel Hidalgo,5,https://homie.mx/pub/628597333444020041ccc1b1
6999061cd35b8fdea9f67c32,Loft en renta de 1 Recamara en Polanco,23750,54,1,1,0,"Lago alberto, Anáhuac i sección",Loft en renta de 1 Recamara en Polanco,5,https://homie.mx/pub/6999061cd35b8fdea9f67c32
68222d74697466003bd01cb2,"Studio en renta en Roma Sur, Ciudad de México",23930,36,1,1,0,"Avenida insurgentes sur, Roma sur",Studio en renta en Roma Sur,6,https://homie.mx/pub/68222d74697466003bd01cb2
6998c053a17c4c003a9e1e04,"Departamento de 1 recámara en renta, Río Papaloapan col. Juárez, Cuauhtémoc",24100,50,1,1,0,"Río papaloapan, Cuauhtémoc",Cuauhtémoc,6,https://homie.mx/pub/6998c053a17c4c003a9e1e04
652f31dc702da30050905354,Departamento de 2 habitaciones con baño dentro de cada habitación.,24400,64,2,2,0,"Privada antonio maceo, Tacubaya",Departamento de 2 habitaciones con baño dentro de cada habitación.,6,https://homie.mx/pub/652f31dc702da30050905354
620ebbb78b4da80045a6f8ab,Departamento de 2 habitaciones con baño dentro de cada habitación.,24400,65,2,2,0,"Avenida revolución, Tacubaya",Departamento de 2 habitaciones con baño dentro de cada habitación.,6,https://homie.mx/pub/620ebbb78b4da80045a6f8ab
61f2f66ca7226e004685043d,"Departamento de 2 habitaciones y 2 baños, con servicios incluidos*",24400,68,2,2,0,"Avenida revolución, Tacubaya",con servicios incluidos*,6,https://homie.mx/pub/61f2f66ca7226e004685043d
6208058bfdc09d0045ad21db,"Departamento en Renta en High Park Santa Fe, CMDX",24940,72,1,1,0,"Avenida santa fe, Santa fe",CMDX,6,https://homie.mx/pub/6208058bfdc09d0045ad21db
68222ff76496c3003b44ebef,"Studio Plus en renta en Roma Sur, CDMX",25730,41,1,1,0,"Avenida insurgentes sur, Roma sur",Studio Plus en renta en Roma Sur,6,https://homie.mx/pub/68222ff76496c3003b44ebef
6939b6decb81f8003b4ccc2f,Studio Panorámico con amenidades en Napoles.,25930,36,1,1,0,"Avenida insurgentes sur, Nápoles",Studio Panorámico con amenidades en Napoles.,6,https://homie.mx/pub/6939b6decb81f8003b4ccc2f
6999296ad35b8fe221bdde55,Departamento de 2 recámaras 1 baño en Vitant Polanco,26000,76,2,1,0,"Lago alberto, Anáhuac i sección",Departamento de 2 recámaras 1 baño en Vitant Polanco,6,https://homie.mx/pub/6999296ad35b8fe221bdde55
69992db1d35b8fe221bde034,Departamento de 2 recámaras 1 baño en Vitant Polanco,26000,76,2,1,0,"Lago alberto, Anáhuac i sección",Departamento de 2 recámaras 1 baño en Vitant Polanco,6,https://homie.mx/pub/69992db1d35b8fe221bde034
69992131d35b8fe221bdda89,Departamento de 2 recámaras,26000,76,2,1,0,"Lago alberto, Anáhuac i sección",Departamento de 2 recámaras,7,https://homie.mx/pub/69992131d35b8fe221bdda89
681d3534cb1440003b1bb4bf,Studio Alcoba con amenidades de lujo en Napoles.,26230,60,1,1,0,"Avenida insurgentes sur, Nápoles",Studio Alcoba con amenidades de lujo en Napoles.,7,https://homie.mx/pub/681d3534cb1440003b1bb4bf
69b5b22321ca56003a360e0c,"Departamento estilo Pent House en Renta, Naucalpan Estado de México",27500,175,3,4,0,"Camino arenero, San josé río hondo",Naucalpan Estado de México,7,https://homie.mx/pub/69b5b22321ca56003a360e0c
69d3e90bc25b1a003ab05f01,"Departamento en Renta en Santa Fe, Las Tinajas Cuajimalpa, CDMX",27500,80,2,2,0,"Lomas de san pedro 3a. cerrada de prolongación juárez, Las tinajas",Las Tinajas Cuajimalpa,7,https://homie.mx/pub/69d3e90bc25b1a003ab05f01
69992daed35b8fe221bde02f,Departamento amueblado de 1 recámara en Vitant Polanco,28600,64,1,1,0,"Lago alberto, Anáhuac i sección",Departamento amueblado de 1 recámara en Vitant Polanco,7,https://homie.mx/pub/69992daed35b8fe221bde02f
681d326fcb1440003b1bb4a3,Studio con balcon en Reforma con amenidades.,29730,74,1,1,0,"Avenida paseo de la reforma, Juárez",Studio con balcon en Reforma con amenidades.,7,https://homie.mx/pub/681d326fcb1440003b1bb4a3
693d8e0eefbf0c003bafbf0a,Departamento de 1 recamara en renta - Edificio Ines en Polanco,29930,47,1,1,0,"Lago andromaco, Granada",Departamento de 1 recamara en renta - Edificio Ines en Polanco,7,https://homie.mx/pub/693d8e0eefbf0c003bafbf0a
60ff5e30bde5390044244be3,"Departamento en Renta en Col. Roma Norte, Cuauhtémoc, CDMX",30000,68,2,2,0,"Calle querétaro, Roma norte",Cuauhtémoc,7,https://homie.mx/pub/60ff5e30bde5390044244be3
6792a5001f4bb6003b5cca99,"Depa 2 recámaras y 2 baños en edificio con amenidades increíbles. Zona Toreo, Miguel Hidalgo",30650,59,2,2,0,"Avenida ingenieros militares, Lomas de sotelo",Miguel Hidalgo,7,https://homie.mx/pub/6792a5001f4bb6003b5cca99
681bf71ecb1440003b1baec5,Departamento de una recamara en renta en edificio Amalia,31130,55,1,1,0,"Avenida insurgentes sur, Nápoles",Departamento de una recamara en renta en edificio Amalia,7,https://homie.mx/pub/681bf71ecb1440003b1baec5
685ed9a1181157003af0f3d9,"Studio Alcoba en renta con balcón, en Reforma, a unos pasos del Ángel",31230,51,1,1,0,"Avenida paseo de la reforma, Juárez",a unos pasos del Ángel,8,https://homie.mx/pub/685ed9a1181157003af0f3d9
6939d3a5cb81f8003b4ccd37,"Departamento Amalia con 1 recamara, amenidades de lujo en Insurgentes Sur – Servicios incluidos",31330,54,1,1,0,"Avenida insurgentes sur, Napoles",amenidades de lujo en Insurgentes Sur – Servicios incluidos,8,https://homie.mx/pub/6939d3a5cb81f8003b4ccd37
6822311e697466003bd01ce8,"Departamento en renta One Stunning en Roma Sur, CDMX",32930,64,1,1,0,"Avenida insurgentes sur, Roma sur",Departamento en renta One Stunning en Roma Sur,8,https://homie.mx/pub/6822311e697466003bd01ce8
6792955706948c003ae47ec4,"Departamento de dos recámaras en Renta - Calle Bucareli, Colonia Juárez",35586,68,2,2,0,"Bucareli, Juárez",Colonia Juárez,8,https://homie.mx/pub/6792955706948c003ae47ec4
681d2d2d6496c3003ac25044,Studio Plus y balcón en Reforma con amenidades premium,37430,55,1,1,0,"Avenida paseo de la reforma, Juárez",Studio Plus y balcón en Reforma con amenidades premium,8,https://homie.mx/pub/681d2d2d6496c3003ac25044
693c77ffcb81f8003b4cdd34,Departamento de 1 recamara y 1 Studio - Edificio Ines en Polanco.,38030,54,2,1,0,"Lago andromaco, Granada",Departamento de 1 recamara y 1 Studio - Edificio Ines en Polanco.,8,https://homie.mx/pub/693c77ffcb81f8003b4cdd34
5e4f1552fa6afe11cdce3de4,"Departamento en renta - Hipódromo Condesa, Cuauhtémoc",42800,300,3,3,0,"General benjamín hill, Hipódromo",Cuauhtémoc,8,https://homie.mx/pub/5e4f1552fa6afe11cdce3de4
69c5a84c14c0e1003a85e3bf,"Departamento en Renta en Polanco, Miguel Hidalgo, CDMX",45000,150,3,2,0,"Calle sócrates, Polanco ii sección",Miguel Hidalgo,8,https://homie.mx/pub/69c5a84c14c0e1003a85e3bf
693dac9fefbf0c003bafbfe1,"PH ""The Spectacular"" de 1 recamara con balcon en Edificio Ines , Polanco.",47420,71,1,1,0,"Lago andromaco, Granada",Polanco.,8,https://homie.mx/pub/693dac9fefbf0c003bafbfe1
62b253a1d96bf0004151a8bd,"Departamento en Renta en Lomas de Tecamachalco, EdoMex",55000,197,3,4,0,"Avenida de los bosques, Lomas de tecamachalco",EdoMex,8,https://homie.mx/pub/62b253a1d96bf0004151a8bd
69da98a1f54159003c1daf54,"Casa en renta Tetelpan, Ciudad de México",55000,338,4,5,0,"Encino grande, Tetelpan",Casa en renta Tetelpan,9,https://homie.mx/pub/69da98a1f54159003c1daf54
681d2b187b5b82003b5c491a,Departamento de 1 recámara y balcón en renta en Reforma con amenidades de lujo.,55530,74,1,1,0,"Avenida paseo de la reforma, Juárez",Departamento de 1 recámara y balcón en renta en Reforma con amenidades de lujo.,9,https://homie.mx/pub/681d2b187b5b82003b5c491a
